P52230,P0A4L1.2,49.533,107,54,0,2,108,1,107,1.15e-49,155,70.09
P52230,P12243.2,46.729,107,57,0,2,108,1,107,1.87e-49,155,70.09
P52230,P48384.1,46.296,108,58,0,1,108,65,172,1.13e-48,155,67.59
P52230,P52231.3,48.598,107,55,0,2,108,1,107,2.11e-48,152,71.03
P52230,P0AA25.2,55.046,109,49,0,1,109,1,109,9.03e-48,151,70.64
P52230,P50254.1,48.598,107,55,0,3,109,1,107,2.46e-47,149,71.96
P52230,P07591.2,42.991,107,61,0,4,110,75,181,8.80e-47,151,69.16
P52230,P51225.1,50.467,107,53,0,3,109,1,107,1.12e-46,148,72.90
P52230,P37395.1,47.573,103,54,0,6,108,5,107,2.00e-46,147,74.76
P52230,P52233.1,51.852,108,52,0,1,108,1,108,3.60e-46,147,69.44
P52230,O48737.1,42.308,104,60,0,5,108,76,179,5.25e-46,149,61.54
P52230,P43785.1,44.860,107,59,0,2,108,1,107,7.60e-46,146,65.42
P52230,Q4UNK3.2,43.564,101,57,0,8,108,5,105,1.17e-45,145,71.29
P52230,P00275.1,46.667,105,56,0,4,108,1,105,1.17e-45,145,70.48
P52230,Q9CM49.1,49.057,106,54,0,3,108,1,106,1.44e-45,145,66.98
P52230,Q9X2T1.1,52.778,108,51,0,1,108,1,108,1.69e-45,145,68.52
P52230,P50338.2,43.519,108,61,0,3,110,1,108,1.88e-45,145,68.52
P52230,Q41864.1,36.364,110,70,0,1,110,57,166,2.17e-45,147,63.64
P52230,Q6H7E4.1,38.095,105,65,0,5,109,68,172,2.33e-45,147,66.67
P52230,Q9SEU8.2,45.283,106,58,0,4,109,81,186,2.76e-45,147,63.21
P52230,Q9ZP20.1,40.000,100,60,0,11,110,73,172,2.88e-45,146,68.00
P52230,Q9XGS0.1,46.154,104,56,0,5,108,73,176,5.97e-45,146,65.38
P52230,P23400.3,55.446,101,45,0,8,108,39,139,6.62e-45,144,77.23
P52230,Q9ZEE0.2,42.857,105,60,0,4,108,1,105,7.15e-45,143,71.43
P52230,Q9ZP21.1,36.111,108,69,0,3,110,68,175,7.55e-45,146,62.96
P52230,Q92JR5.1,43.434,99,56,0,10,108,7,105,1.21e-44,143,71.72
P52230,P10472.5,46.602,103,55,0,7,109,6,108,1.61e-44,143,67.96
P52230,Q1RKN1.2,45.714,105,57,0,4,108,1,105,2.84e-44,142,68.57
P52230,Q8KE49.3,47.706,109,57,0,1,109,1,109,3.55e-44,142,66.97
P52230,Q9SEU6.2,40.000,105,63,0,4,108,87,191,4.31e-44,144,69.52
P52230,P33791.1,49.057,106,54,0,3,108,1,106,6.18e-44,141,68.87
P52230,Q68Y00.1,43.810,105,59,0,4,108,1,105,8.89e-44,141,71.43
P52230,O22022.1,44.231,104,56,1,5,108,1,102,9.68e-44,140,70.19
P52230,Q7X8R5.2,39.423,104,63,0,5,108,75,178,6.25e-43,141,67.31
P52230,P52230.4,100.000,110,0,0,1,110,1,110,2.18e-42,137,100.00
P52230,Q7M1B9.3,40.741,108,64,0,2,109,1,108,4.25e-42,136,59.26
P52230,P0A617.2,50.000,110,55,0,1,110,5,114,5.57e-42,136,67.27
P52230,P09857.1,48.113,106,55,0,2,107,1,106,7.41e-42,136,66.04
P52230,P80579.1,48.571,105,53,1,4,108,1,104,8.49e-42,136,69.52
P52230,P57653.1,44.860,107,59,0,2,108,1,107,1.05e-41,135,61.68
P52230,P10473.1,54.808,104,47,0,5,108,1,104,1.16e-41,135,71.15
P52230,P08058.3,48.113,106,55,0,3,108,1,106,1.28e-41,135,67.92
P52230,Q49WR2.1,46.226,106,55,1,3,108,1,104,2.00e-41,134,64.15
P52230,P66928.1,37.963,108,65,1,2,109,1,106,4.84e-41,134,58.33
P52230,Q4L5F0.1,47.170,106,54,1,3,108,1,104,6.05e-41,133,66.98
P52230,P14949.3,50.000,106,51,1,3,108,1,104,1.64e-40,132,65.09
P52230,Q5HQ29.1,48.113,106,53,1,3,108,1,104,1.70e-40,132,64.15
P52230,P0A0K4.1,48.113,106,53,1,3,108,1,104,1.73e-40,132,64.15
P52230,Q8JG64.1,32.727,110,74,0,1,110,23,132,1.74e-40,142,50.91
P52230,Q8JG64.1,23.894,113,81,3,2,110,373,484,1.38e-26,104,43.36
P52230,P46843.1,53.211,109,51,0,2,110,348,456,2.77e-40,141,73.39
P52230,Q05739.1,78.704,108,22,1,1,108,1,107,3.66e-40,131,87.04
P52230,P07887.3,42.593,108,62,0,1,108,1,108,4.30e-40,131,65.74
P52230,P59527.1,43.119,109,62,0,1,109,1,109,4.39e-40,131,61.47
P52230,P96132.1,56.044,91,40,0,1,91,1,91,7.83e-40,130,73.63
P52230,Q5JMR9.2,34.000,100,66,0,9,108,65,164,1.01e-39,132,65.00
P52230,Q8L7S9.1,35.000,100,65,0,9,108,64,163,1.18e-39,132,61.00
P52230,Q4VIT4.1,32.727,110,72,1,3,110,25,134,1.51e-39,140,50.00
P52230,Q4VIT4.1,22.523,111,81,3,2,108,375,484,5.69e-26,103,43.24
P52230,P30101.4,31.818,110,73,1,3,110,25,134,1.97e-39,139,50.00
P52230,P30101.4,22.523,111,81,3,2,108,375,484,5.10e-26,103,43.24
P52230,P38657.1,30.909,110,74,1,3,110,25,134,2.23e-39,139,50.00
P52230,P38657.1,22.523,111,81,3,2,108,375,484,6.54e-26,102,43.24
P52230,O30974.1,51.818,110,51,1,1,108,3,112,4.43e-39,129,69.09
P52230,P11598.2,32.110,109,72,1,4,110,26,134,4.61e-39,138,50.46
P52230,P11598.2,25.225,111,78,3,2,108,375,484,1.27e-24,99.5,42.34
P52230,O51890.1,45.370,108,59,0,2,109,1,108,4.63e-39,129,63.89
P52230,Q6NPF9.1,36.634,101,64,0,9,109,69,169,5.22e-39,131,62.38
P52230,P27773.2,32.110,109,72,1,4,110,26,134,5.91e-39,138,50.46
P52230,P27773.2,24.324,111,79,3,2,108,375,484,4.56e-25,100,43.24
P52230,P0AGG4.1,36.449,107,67,1,2,108,34,139,2.91e-38,127,61.68
P52230,O84544.1,35.577,104,64,2,4,107,1,101,6.39e-38,126,61.54
P52230,Q9PJK3.1,39.423,104,60,2,4,107,1,101,8.41e-38,125,62.50
P52230,P52227.1,37.143,105,63,2,4,108,1,102,8.98e-38,125,60.95
P52230,G4NFB7.1,34.545,110,70,2,1,110,63,170,2.07e-37,126,55.45
P52230,Q8IFW4.1,35.185,108,68,2,3,109,1,107,3.41e-37,126,54.63
P52230,Q9Z7P5.1,38.095,105,62,2,4,108,1,102,4.35e-37,123,55.24
P52230,Q9MAU6.2,25.455,110,82,0,1,110,30,139,6.59e-37,132,48.18
P52230,Q9MAU6.2,20.721,111,87,1,1,110,165,275,5.61e-32,119,46.85
P52230,O48773.1,25.688,109,81,0,1,109,28,136,8.09e-37,131,46.79
P52230,O48773.1,20.721,111,87,1,1,110,160,270,1.68e-31,117,47.75
P52230,P0A4L3.1,46.667,105,54,1,4,108,1,103,1.04e-36,122,68.57
P52230,Q1RQI9.1,34.579,107,67,3,4,109,1,105,1.23e-36,122,54.21
P52230,Q9V438.1,29.630,108,72,1,3,106,156,263,1.25e-36,131,50.00
P52230,Q9V438.1,23.711,97,73,1,1,96,23,119,1.06e-30,115,53.61
P52230,Q99757.2,32.039,103,70,0,7,109,64,166,1.35e-36,124,55.34
P52230,P97615.1,32.039,103,70,0,7,109,64,166,1.83e-36,124,55.34
P52230,P97493.1,32.039,103,70,0,7,109,64,166,2.42e-36,124,55.34
P52230,Q95108.2,32.039,103,70,0,7,109,64,166,2.62e-36,124,55.34
P52230,Q67UF5.1,26.364,110,81,0,1,110,27,136,2.72e-36,130,44.55
P52230,Q67UF5.1,21.622,111,86,1,1,110,163,273,2.65e-31,117,45.05
P52230,P52232.1,37.349,83,52,0,11,93,8,90,3.49e-36,121,65.06
P52230,P22803.3,39.583,96,57,1,3,98,1,95,4.50e-36,121,56.25
P52230,P05307.1,25.217,115,80,3,1,110,24,137,5.22e-36,130,44.35
P52230,P05307.1,28.182,110,73,3,1,106,367,474,4.00e-23,95.2,41.82
P52230,Q6XHI1.1,26.168,107,77,2,3,108,1,106,9.31e-36,120,48.60
P52230,Q942L2.1,30.556,108,72,2,2,106,152,259,9.44e-36,127,51.85
P52230,Q942L2.1,27.778,108,74,3,1,105,33,139,1.70e-32,119,50.93
P52230,P21195.1,25.217,115,80,3,1,110,23,136,9.97e-36,129,43.48
P52230,P21195.1,29.245,106,69,3,5,106,370,473,3.05e-24,98.3,44.34
P52230,P38659.2,26.549,113,78,3,1,110,173,283,1.10e-35,131,45.13
P52230,P38659.2,25.225,111,78,3,3,110,60,168,4.23e-30,115,47.75
P52230,P38659.2,24.107,112,80,2,2,108,522,633,1.02e-22,94.5,47.32
P52230,Q2HWU2.1,25.217,115,80,3,1,110,24,137,1.15e-35,129,43.48
P52230,Q2HWU2.1,28.182,110,73,3,1,106,367,474,1.25e-23,96.8,42.73
P52230,P08003.3,27.434,113,77,3,1,110,168,278,1.19e-35,131,45.13
P52230,P08003.3,25.225,111,78,3,3,110,55,163,9.94e-30,114,46.85
P52230,P08003.3,25.000,112,79,2,2,108,517,628,6.35e-23,94.9,47.32
P52230,P07237.3,25.217,115,80,3,1,110,22,135,1.25e-35,129,43.48
P52230,P07237.3,28.182,110,73,3,1,106,365,472,2.99e-23,95.6,40.91
P52230,Q5R5B6.1,25.217,115,80,3,1,110,22,135,1.33e-35,129,43.48
P52230,Q5R5B6.1,28.182,110,73,3,1,106,365,472,3.17e-23,95.6,40.91
P52230,Q922R8.3,23.853,109,82,1,1,108,23,131,1.45e-35,128,50.46
P52230,Q922R8.3,28.070,114,78,1,1,110,158,271,2.94e-34,125,52.63
P52230,P38660.1,22.018,109,84,1,1,108,23,131,1.47e-35,128,50.46
P52230,P38660.1,28.070,114,78,1,1,110,158,271,3.09e-34,125,50.88
P52230,Q7XKD0.1,36.937,111,68,1,1,109,65,175,1.62e-35,122,56.76
P52230,P13667.2,24.779,113,80,3,1,110,175,285,2.92e-35,129,46.02
P52230,P13667.2,24.324,111,79,3,3,110,62,170,1.19e-29,114,46.85
P52230,P13667.2,25.000,112,79,2,2,108,524,635,1.16e-24,99.9,48.21
P52230,Q63081.2,23.853,109,82,1,1,108,23,131,3.35e-35,127,51.38
P52230,Q63081.2,28.070,114,78,1,1,110,158,271,3.13e-34,125,52.63
P52230,P29429.2,32.292,96,64,1,1,96,4,98,3.49e-35,119,54.17
P52230,P22217.3,36.458,96,59,2,3,98,1,94,3.99e-35,119,57.29
P52230,Q869Z0.1,22.222,117,83,2,1,110,25,140,5.29e-35,126,44.44
P52230,Q15084.1,28.947,114,77,1,1,110,158,271,6.45e-35,126,53.51
P52230,Q15084.1,22.936,109,83,1,1,108,23,131,7.70e-35,126,49.54
P52230,Q5R6T1.1,28.947,114,77,1,1,110,158,271,6.45e-35,126,53.51
P52230,Q5R6T1.1,22.936,109,83,1,1,108,23,131,7.62e-35,126,49.54
P52230,Q17770.1,25.664,113,79,3,1,110,21,131,7.40e-35,127,51.33
P52230,Q17770.1,27.778,108,73,3,1,105,361,466,3.78e-25,101,45.37
P52230,Q7XQQ2.4,40.952,105,62,0,6,110,68,172,7.44e-35,120,62.86
P52230,Q39239.2,26.786,112,78,2,1,109,5,115,9.59e-35,118,48.21
P52230,Q17967.1,27.434,113,77,3,1,110,21,131,1.27e-34,126,50.44
P52230,Q17967.1,25.688,109,76,4,5,110,365,471,4.46e-24,97.9,41.28
P52230,Q39362.1,28.421,95,67,1,15,109,22,115,1.30e-34,118,52.63
P52230,P80284.2,25.893,112,76,4,5,110,40,150,1.47e-34,126,47.32
P52230,P80284.2,27.778,108,75,2,2,107,380,486,6.87e-29,111,44.44
P52230,O83889.1,34.043,94,62,0,15,108,12,105,1.51e-34,117,58.51
P52230,O22263.1,27.679,112,78,2,1,109,139,250,1.93e-34,124,49.11
P52230,O22263.1,33.333,105,66,3,8,109,28,131,1.10e-32,119,51.43
P52230,P38661.1,30.357,112,75,2,1,109,145,256,1.97e-34,124,46.43
P52230,P38661.1,29.703,101,67,3,8,105,34,133,2.47e-32,118,55.45
P52230,Q9UW02.1,29.630,108,73,3,3,109,1,106,2.04e-34,117,51.85
P52230,P29828.1,22.414,116,83,4,1,110,31,145,2.48e-34,126,45.69
P52230,P29828.1,28.704,108,75,1,2,107,376,483,6.16e-26,103,44.44
P52230,Q75M08.2,31.193,109,72,2,1,106,146,254,2.55e-34,124,51.38
P52230,Q75M08.2,29.091,110,74,3,3,109,30,138,9.29e-33,119,50.91
P52230,Q9XI01.1,21.552,116,84,4,1,110,28,142,2.63e-34,126,42.24
P52230,Q9XI01.1,26.852,108,77,1,2,107,373,480,2.35e-25,101,44.44
P52230,Q8KEA4.1,33.000,100,67,0,10,109,2,101,2.95e-34,116,62.00
P52230,Q9V429.3,26.168,107,77,2,3,108,1,106,3.02e-34,116,50.47
P52230,Q8LD49.2,35.185,108,68,1,5,110,71,178,3.48e-34,119,59.26
P52230,D4B2L8.1,29.730,111,76,2,1,110,28,137,3.78e-34,126,47.75
P52230,D4B2L8.1,21.930,114,78,4,2,107,363,473,2.27e-23,96.0,46.49
P52230,P09102.3,26.087,115,79,3,1,110,27,140,4.03e-34,125,45.22
P52230,P09102.3,28.182,110,73,3,1,106,370,477,1.24e-24,99.5,43.64
P52230,P52589.1,27.679,112,74,4,5,110,41,151,4.03e-34,125,50.00
P52230,P52589.1,26.852,108,76,2,2,107,381,487,2.14e-28,109,44.44
P52230,P29448.1,25.893,112,78,3,1,109,5,114,4.66e-34,116,51.79
P52230,Q9XF61.1,21.552,116,84,4,1,110,31,145,4.69e-34,125,45.69
P52230,Q9XF61.1,29.358,109,75,1,2,108,376,484,1.11e-25,102,44.95
P52230,P34723.1,37.113,97,60,1,2,98,1,96,5.11e-34,116,57.73
P52230,Q29RV1.1,27.434,113,77,3,1,110,174,284,5.36e-34,126,48.67
P52230,Q29RV1.1,24.324,111,79,3,3,110,61,169,2.37e-31,118,47.75
P52230,Q29RV1.1,26.786,112,77,2,2,108,522,633,1.27e-23,96.8,48.21
P52230,Q53LQ0.1,26.786,112,75,4,5,110,42,152,6.60e-34,125,50.00
P52230,Q53LQ0.1,25.926,108,77,2,2,107,383,489,1.47e-27,107,42.59
P52230,P34329.2,26.549,113,78,3,1,110,145,255,6.64e-34,126,49.56
P52230,P34329.2,26.364,110,78,2,1,110,34,140,6.47e-31,117,48.18
P52230,P34329.2,19.643,112,84,3,1,107,497,607,2.22e-21,90.6,41.07
P52230,A2YIW7.1,29.204,113,75,3,1,110,5,115,1.01e-33,116,47.79
P52230,Q17424.2,28.182,110,79,0,1,110,36,145,1.20e-33,116,48.18
P52230,Q8VX13.1,28.182,110,78,1,1,110,97,205,1.21e-33,124,47.27
P52230,Q8VX13.1,18.584,113,85,3,2,109,436,546,1.68e-17,79.5,40.71
P52230,Q9BDJ3.3,25.234,107,77,3,3,108,1,105,2.15e-33,114,52.34
P52230,P52588.1,25.893,112,76,4,5,110,36,146,2.22e-33,123,50.89
P52230,P52588.1,25.000,108,78,2,2,107,377,483,2.59e-27,107,43.52
P52230,Q1RQJ0.1,28.704,108,75,2,3,109,4,110,2.28e-33,114,51.85
P52230,Q43636.1,28.571,112,75,3,1,109,5,114,2.56e-33,114,54.46
P52230,Q4N4N8.1,18.519,108,84,1,1,104,28,135,2.60e-33,117,43.52
P52230,P54399.1,24.779,113,80,3,1,110,25,135,2.67e-33,123,46.90
P52230,P54399.1,26.364,110,76,3,1,107,365,472,5.90e-24,97.6,43.64
P52230,Q91W90.2,24.779,113,80,2,1,110,305,415,2.75e-33,122,46.02
P52230,Q91W90.2,21.154,104,78,2,7,108,179,280,1.07e-31,117,51.92
P52230,Q91W90.2,19.643,112,84,2,1,108,45,154,3.04e-28,108,38.39
P52230,P38658.1,24.324,111,80,2,3,110,17,126,3.48e-33,122,46.85
P52230,P38658.1,21.429,112,83,3,1,108,356,466,6.35e-24,97.6,41.96
P52230,Q9FF55.1,30.631,111,74,3,1,110,101,209,3.80e-33,123,49.55
P52230,Q9FF55.1,24.038,104,75,2,2,103,440,541,1.84e-18,82.1,41.35
P52230,P10599.3,23.364,107,79,3,3,108,1,105,5.28e-33,113,50.47
P52230,Q43116.1,18.966,116,87,4,1,110,30,144,5.80e-33,122,40.52
P52230,Q43116.1,28.440,109,76,1,2,108,375,483,1.81e-27,107,45.87
P52230,P09103.2,26.087,115,79,3,1,110,24,137,6.78e-33,122,43.48
P52230,P09103.2,28.182,110,73,3,1,106,367,474,5.93e-23,94.9,41.82
P52230,P29451.2,23.364,107,79,3,3,108,1,105,6.94e-33,113,50.47
P52230,Q8NBS9.2,22.124,113,83,2,1,110,320,430,7.30e-33,121,48.67
P52230,Q8NBS9.2,23.077,104,76,2,7,108,193,294,1.14e-31,117,49.04
P52230,Q8NBS9.2,19.643,112,84,2,1,108,59,168,1.89e-28,109,40.18
P52230,O97508.3,24.299,107,78,3,3,108,1,105,7.33e-33,113,50.47
P52230,Q00216.1,26.549,113,79,2,1,109,17,129,7.85e-33,119,49.56
P52230,Q00216.1,27.193,114,77,4,1,109,138,250,7.57e-29,109,47.37
P52230,Q7KQL8.1,30.841,107,71,3,3,109,1,104,1.04e-32,112,55.14
P52230,Q86IA3.2,28.070,114,76,3,1,109,20,132,1.14e-32,119,50.00
P52230,Q86IA3.2,24.786,117,77,4,1,109,140,253,9.15e-31,114,44.44
P52230,Q10057.1,26.126,111,80,2,1,110,20,129,1.17e-32,121,50.45
P52230,Q10057.1,23.894,113,79,4,1,109,353,462,1.72e-30,115,46.02
P52230,Q00248.1,30.909,110,74,2,2,110,28,136,1.18e-32,121,48.18
P52230,Q00248.1,25.455,110,75,4,2,107,362,468,7.42e-24,97.6,48.18
P52230,P82460.3,23.364,107,79,3,3,108,1,105,1.32e-32,112,50.47
P52230,Q11067.1,20.183,109,86,1,2,109,23,131,1.58e-32,120,44.04
P52230,Q11067.1,25.688,109,78,1,3,108,164,272,5.56e-31,116,44.04
P52230,Q07090.1,26.549,113,78,3,1,110,4,114,1.66e-32,112,50.44
P52230,P20857.3,37.273,110,69,0,1,110,1,110,2.01e-32,112,60.91
P52230,P55059.1,27.523,109,77,2,3,110,21,128,2.11e-32,121,47.71
P52230,P55059.1,24.545,110,73,4,2,104,354,460,3.63e-24,98.3,50.00
P52230,P50413.2,24.299,107,78,3,3,108,1,105,2.29e-32,112,50.47
P52230,O14463.3,33.019,106,68,3,3,108,1,103,2.30e-32,111,54.72
P52230,Q12730.1,27.928,111,78,2,1,110,23,132,2.56e-32,120,45.05
P52230,Q12730.1,28.070,114,71,4,2,107,358,468,8.75e-23,94.5,47.37
P52230,O97680.3,24.299,107,78,3,3,108,1,105,2.75e-32,111,50.47
P52230,Q0E0I1.1,28.571,112,75,3,2,110,45,154,3.04e-32,119,49.11
P52230,Q92249.2,27.619,105,70,3,10,109,27,130,5.08e-32,117,48.57
P52230,Q92249.2,28.947,114,75,4,1,109,139,251,1.99e-27,106,47.37
P52230,Q38879.2,33.684,95,61,2,15,109,41,133,6.07e-32,111,64.21
P52230,Q9RD25.1,31.481,108,72,2,2,109,1,106,6.18e-32,111,50.93
P52230,Q7XRB5.2,24.348,115,80,4,2,110,31,144,7.24e-32,119,45.22
P52230,Q7XRB5.2,27.928,111,77,2,2,110,376,485,4.30e-26,103,43.24
P52230,P08628.2,24.299,107,78,3,3,108,1,105,8.32e-32,110,51.40
P52230,Q54EN4.1,27.679,112,77,3,1,110,39,148,8.70e-32,119,45.54
P52230,Q54EN4.1,25.455,110,76,4,5,109,378,486,8.03e-25,100,47.27
P52230,P29449.1,29.204,113,75,3,1,110,11,121,8.76e-32,111,48.67
P52230,Q9SRG3.1,21.552,116,84,4,1,110,27,141,8.90e-32,119,43.97
P52230,Q9SRG3.1,25.688,109,79,1,2,108,371,479,2.28e-24,98.7,44.95
P52230,P04785.2,23.478,115,82,3,1,110,24,137,1.18e-31,119,43.48
P52230,P04785.2,28.182,110,73,3,1,106,367,474,3.18e-23,95.6,41.82
P52230,O17486.2,34.259,108,69,2,1,108,2,107,1.20e-31,110,52.78
P52230,P25372.1,34.021,97,62,2,2,98,25,119,1.24e-31,111,53.61
P52230,Q8TFM8.1,30.682,88,59,1,4,89,1,88,1.34e-31,110,55.68
P52230,Q8R4U2.1,23.478,115,82,3,1,110,24,137,1.47e-31,118,43.48
P52230,Q8R4U2.1,28.182,110,73,3,1,106,367,474,5.42e-23,94.9,41.82
P52230,P12865.1,24.762,105,78,1,6,110,22,125,1.89e-31,118,51.43
P52230,P12865.1,22.826,92,70,1,18,108,363,454,1.93e-19,84.8,45.65
P52230,Q09433.1,26.471,102,72,3,10,110,15,114,1.98e-31,109,53.92
P52230,Q9R6P9.2,30.392,102,69,2,4,105,1,100,2.08e-31,109,53.92
P52230,Q851R5.1,27.193,114,77,3,1,110,20,131,2.73e-31,110,54.39
P52230,Q96JJ7.2,26.923,104,70,3,10,110,32,132,2.75e-31,117,50.96
P52230,P73263.1,45.652,92,50,0,3,94,1,92,2.91e-31,109,67.39
P52230,Q5R875.1,26.923,104,70,3,10,110,32,132,3.04e-31,117,50.96
P52230,O64394.3,25.743,101,71,2,1,98,17,116,4.44e-31,109,51.49
P52230,Q0JD42.2,32.143,112,71,3,2,110,41,150,4.49e-31,116,52.68
P52230,Q8BXZ1.2,25.000,104,72,3,10,110,35,135,4.50e-31,116,49.04
P52230,Q5R9M3.3,23.148,108,79,4,3,108,1,106,4.87e-31,108,50.00
P52230,P10639.3,25.234,107,77,3,3,108,1,105,4.89e-31,108,48.60
P52230,P11232.2,26.168,107,76,3,3,108,1,105,5.76e-31,108,48.60
P52230,Q39241.1,25.893,112,78,3,1,109,4,113,6.32e-31,108,48.21
P52230,P17967.2,21.239,113,85,3,1,110,30,141,6.46e-31,117,44.25
P52230,P17967.2,23.423,111,78,3,2,107,375,483,5.42e-22,92.2,51.35
P52230,Q6GNG3.1,27.434,113,76,3,1,110,23,132,6.86e-31,116,45.13
P52230,Q9DGI3.1,24.299,107,78,3,3,107,1,106,8.48e-31,107,48.60
P52230,Q96419.1,25.000,112,79,3,1,109,4,113,9.13e-31,108,50.89
P52230,Q6Z4I3.1,25.926,108,75,3,1,105,20,125,1.59e-30,108,51.85
P52230,Q42403.1,29.091,110,73,3,1,107,4,111,1.99e-30,107,53.64
P52230,Q98TX1.3,23.364,107,79,3,3,108,1,105,2.14e-30,107,44.86
P52230,P52228.1,32.584,89,59,1,6,94,38,125,2.25e-30,108,51.69
P52230,O51088.1,25.688,109,81,0,1,109,8,116,2.25e-30,107,50.46
P52230,P09856.2,30.909,110,72,4,3,110,83,190,2.97e-30,109,50.91
P52230,P47370.1,33.654,104,67,2,3,106,1,102,3.11e-30,106,54.81
P52230,P47938.1,22.680,97,74,1,14,110,12,107,3.12e-30,106,53.61
P52230,P75512.1,30.769,104,70,2,3,106,1,102,3.28e-30,106,50.96
P52230,Q5RCH2.1,21.930,114,83,3,2,110,41,153,3.65e-30,114,40.35
P52230,Q5RCH2.1,26.415,106,72,3,5,106,390,493,4.19e-21,89.9,44.34
P52230,P60226.2,22.222,108,82,2,4,110,1,107,4.88e-30,106,48.15
P52230,O96952.1,30.189,106,72,2,3,107,1,105,6.30e-30,106,50.94
P52230,P08629.2,25.234,107,77,3,3,108,1,105,6.60e-30,105,47.66
P52230,Q94F09.1,33.036,112,70,3,2,110,31,140,7.29e-30,113,51.79
P52230,A2YUQ6.1,28.829,111,76,2,1,108,79,189,7.94e-30,108,45.95
P52230,O81332.1,29.091,110,74,4,3,110,84,191,8.18e-30,108,50.91
P52230,Q13087.2,24.242,99,70,2,17,110,55,153,9.29e-30,113,41.41
P52230,Q13087.2,27.358,106,71,3,5,106,390,493,8.15e-22,91.8,44.34
P52230,Q8H2V6.1,28.829,111,76,2,1,108,79,189,1.15e-29,107,45.95
P52230,O65049.1,25.743,101,71,2,1,98,3,102,1.31e-29,105,47.52
P52230,Q1RQJ1.1,25.532,94,69,1,16,109,16,108,1.31e-29,105,53.19
P52230,Q9USR1.1,26.923,104,73,3,2,104,1,102,3.14e-29,109,50.00
P52230,P42115.1,27.473,91,63,2,1,89,2,91,3.77e-29,104,43.96
P52230,Q69ST6.1,26.786,112,75,4,5,110,80,190,3.82e-29,112,47.32
P52230,Q69ST6.1,25.225,111,79,3,2,110,422,530,9.42e-27,105,44.14
P52230,Q9SEU7.2,33.654,104,69,0,7,110,70,173,4.11e-29,106,58.65
P52230,Q9XFH9.1,30.392,102,68,3,3,102,78,178,6.40e-29,105,52.94
P52230,Q9VYV3.2,23.684,114,81,3,1,110,35,146,9.11e-29,110,43.86
P52230,Q9VYV3.2,23.853,109,79,2,3,109,166,272,2.71e-28,108,46.79
P52230,Q9VYV3.2,24.762,105,72,3,10,109,310,412,4.92e-27,105,46.67
P52230,O94504.2,32.222,90,59,2,18,107,44,131,1.09e-28,103,54.44
P52230,Q9TW67.1,27.174,92,65,2,19,110,20,109,1.16e-28,111,47.83
P52230,O48897.1,30.357,112,74,4,1,110,69,178,1.24e-28,104,52.68
P52230,Q5WNE3.1,26.087,92,66,2,19,110,20,109,1.67e-28,110,55.43
P52230,P68176.1,27.027,111,76,3,1,108,10,118,2.06e-28,102,47.75
P52230,O64432.1,27.027,111,76,3,1,108,10,118,2.46e-28,102,47.75
P52230,A0A8M1N5Y4.1,21.154,104,76,3,10,110,27,127,3.52e-28,108,44.23
P52230,Q75GM1.1,23.894,113,81,3,1,110,19,129,4.82e-28,102,41.59
P52230,Q50KB1.2,23.853,109,79,3,6,110,20,128,4.86e-28,104,47.71
P52230,Q9C9Y6.1,21.782,101,75,2,1,98,22,121,6.11e-28,101,47.52
P52230,Q9XFH8.2,28.571,112,76,4,1,110,66,175,6.19e-28,102,51.79
P52230,Q9AS75.1,23.762,101,73,2,1,98,20,119,8.48e-28,101,46.53
P52230,Q9XIF4.1,24.074,108,77,3,4,108,23,128,9.24e-28,101,50.93
P52230,Q8S091.1,25.893,112,79,4,1,110,78,187,9.77e-28,102,50.89
P52230,Q921X9.1,20.354,113,87,2,1,110,148,260,1.20e-27,107,41.59
P52230,Q921X9.1,24.545,110,77,3,1,106,272,379,6.42e-27,106,46.36
P52230,Q921X9.1,24.038,104,74,3,5,104,397,499,3.03e-21,90.2,44.23
P52230,Q14554.1,25.455,110,76,3,1,106,274,381,1.32e-27,107,46.36
P52230,Q14554.1,20.183,109,84,2,1,106,150,258,1.33e-25,102,41.28
P52230,Q14554.1,25.000,108,76,3,5,108,399,505,4.03e-21,89.9,42.59
P52230,O13811.1,23.214,112,83,2,1,109,19,130,1.54e-27,106,46.43
P52230,O13811.1,24.107,112,81,2,2,109,139,250,3.73e-27,104,47.32
P52230,C9K7C5.1,29.703,101,69,2,9,109,12,110,1.61e-27,100,49.50
P52230,P80028.3,28.319,113,77,2,1,110,2,113,1.79e-27,99.9,51.33
P52230,P12244.2,21.739,115,84,3,1,110,21,134,1.80e-27,107,39.13
P52230,P12244.2,26.364,110,75,3,1,106,366,473,1.73e-19,85.2,40.91
P52230,Q9M7X9.1,27.027,111,78,2,1,108,73,183,2.08e-27,101,45.05
P52230,Q0DKF1.1,19.802,101,77,2,1,98,21,120,2.54e-27,100,47.52
P52230,P85801.1,25.743,101,71,2,1,98,23,122,3.11e-27,100,46.53
P52230,Q5I0H9.1,24.545,110,77,3,1,106,272,379,4.30e-27,106,46.36
P52230,Q5I0H9.1,21.101,109,83,2,1,106,148,256,8.63e-26,102,41.28
P52230,Q5I0H9.1,25.000,104,73,3,5,104,397,499,5.81e-22,92.2,45.19
P52230,Q498R3.2,21.818,110,82,2,1,110,451,556,5.02e-27,106,40.00
P52230,Q498R3.2,32.000,75,51,0,8,82,675,749,3.86e-25,101,56.00
P52230,Q498R3.2,20.370,108,85,1,1,108,127,233,2.76e-21,90.2,40.74
P52230,Q498R3.2,22.500,80,60,1,5,82,558,637,3.59e-19,84.5,46.25
P52230,Q5R5L3.1,21.818,110,82,2,1,110,451,556,5.59e-27,106,40.00
P52230,Q5R5L3.1,24.762,105,75,1,8,108,675,779,6.03e-26,103,45.71
P52230,Q5R5L3.1,19.091,110,88,1,1,110,127,235,1.27e-20,88.3,39.09
P52230,Q5R5L3.1,18.889,90,71,1,5,92,558,647,1.44e-19,85.6,42.22
P52230,Q8IXB1.2,21.818,110,82,2,1,110,451,556,5.75e-27,106,40.00
P52230,Q8IXB1.2,23.009,113,79,2,2,108,669,779,3.06e-26,104,43.36
P52230,Q8IXB1.2,19.091,110,88,1,1,110,127,235,1.33e-20,88.3,39.09
P52230,Q8IXB1.2,21.250,80,61,1,5,82,558,637,1.73e-19,85.2,47.50
P52230,Q9DC23.2,21.818,110,82,2,1,110,451,556,5.81e-27,106,40.00
P52230,Q9DC23.2,26.733,101,70,1,8,104,675,775,2.67e-25,101,48.51
P52230,Q9DC23.2,20.000,110,87,1,1,110,127,235,1.97e-21,90.6,40.00
P52230,Q9DC23.2,22.500,80,60,1,5,82,558,637,2.34e-19,84.8,46.25
P52230,Q12404.1,22.481,129,81,2,1,110,27,155,5.86e-27,103,41.09
P52230,P29450.1,29.091,110,74,4,3,110,75,182,7.35e-27,100,51.82
P52230,M1A3D5.1,24.324,111,81,2,1,108,65,175,1.15e-26,99.9,45.05
P52230,Q9LKW0.1,24.324,111,81,2,1,108,65,175,1.69e-26,99.1,45.95
P52230,D3Z6P0.1,20.175,114,85,3,2,110,44,156,2.02e-26,104,39.47
P52230,D3Z6P0.1,27.273,110,74,3,1,106,389,496,3.03e-22,92.9,44.55
P52230,Q69AB1.1,21.111,90,69,2,3,91,1,89,2.62e-26,97.6,50.00
P52230,Q8VWG7.1,21.239,113,84,3,1,110,269,379,3.82e-26,102,46.02
P52230,P81109.2,29.545,88,62,0,5,92,1,88,4.18e-26,96.0,55.68
P52230,Q6JE37.1,25.225,111,80,2,1,108,71,181,4.61e-26,98.3,44.14
P52230,Q8LEK4.2,24.545,110,79,3,1,107,92,200,5.05e-26,99.1,40.91
P52230,Q6NRT6.1,25.926,108,75,2,8,110,676,783,5.58e-26,103,42.59
P52230,Q6NRT6.1,21.818,110,82,2,1,110,452,557,1.20e-25,102,38.18
P52230,Q6NRT6.1,23.750,80,59,1,5,82,559,638,1.28e-21,91.4,47.50
P52230,Q6NRT6.1,19.626,107,85,1,4,110,131,236,3.39e-21,90.2,40.19
P52230,Q0Z7W6.1,20.000,105,79,3,3,106,29,129,6.19e-26,100,52.38
P52230,Q9D1Q6.1,21.053,114,82,4,4,110,30,142,6.29e-26,102,46.49
P52230,Q6JE38.1,25.225,111,80,2,1,108,71,181,8.83e-26,97.6,44.14
P52230,Q9H3N1.1,20.952,105,78,3,3,106,29,129,9.02e-26,99.9,52.38
P52230,P21609.2,24.528,106,79,1,5,109,1,106,9.92e-26,95.2,50.94
P52230,Q3T0L2.1,19.658,117,86,4,1,110,27,142,1.67e-25,101,45.30
P52230,Q67IX6.1,27.434,113,77,3,1,110,71,181,1.93e-25,102,47.79
P52230,Q67IX6.1,20.354,113,83,3,2,109,413,523,1.52e-17,79.5,41.59
P52230,Q2KIL5.1,21.818,110,81,3,1,106,152,260,2.66e-25,101,42.73
P52230,Q2KIL5.1,24.545,110,77,3,1,106,276,383,1.14e-24,99.9,46.36
P52230,Q2KIL5.1,24.038,104,74,3,5,104,401,503,3.98e-19,84.1,42.31
P52230,Q8VBT0.1,20.755,106,77,4,3,106,29,129,3.20e-25,98.3,54.72
P52230,Q9BS26.1,19.298,114,84,4,4,110,30,142,9.00e-25,99.1,46.49
P52230,Q9T042.1,14.754,122,86,3,6,110,144,264,9.56e-25,99.9,38.52
P52230,Q69AB2.1,21.111,90,69,2,3,91,1,89,1.48e-24,92.9,47.78
P52230,O13704.2,19.828,116,85,3,2,110,30,144,1.53e-24,97.9,42.24
P52230,P96611.1,30.556,108,71,3,4,109,1,106,1.88e-24,92.2,50.93
P52230,Q5XHX6.2,25.455,110,75,3,1,109,444,547,2.07e-24,99.1,44.55
P52230,P21610.2,25.455,110,81,1,1,109,1,110,4.04e-24,91.4,50.00
P52230,Q6ES52.1,23.894,113,81,3,1,110,207,317,4.97e-24,96.0,47.79
P52230,Q9LXZ8.2,25.275,91,64,2,11,98,49,138,5.31e-24,92.2,52.75
P52230,P32474.1,21.818,110,82,3,1,107,31,139,7.84e-24,97.6,46.36
P52230,P32474.1,29.730,74,44,2,25,92,397,468,5.32e-11,61.0,47.30
P52230,Q8JGM4.1,25.263,95,66,2,1,90,48,142,1.14e-23,97.2,46.32
P52230,Q6P902.1,24.211,95,70,2,1,94,409,502,4.57e-23,95.2,45.26
P52230,P29447.2,26.531,98,69,2,1,98,1,95,4.85e-23,88.3,45.92
P52230,Q69SA9.1,15.873,126,88,3,2,110,140,264,4.90e-23,94.9,40.48
P52230,Q6AX23.1,21.849,119,82,3,1,108,35,153,4.96e-23,95.2,45.38
P52230,O64764.1,28.070,114,75,4,1,109,83,194,8.31e-23,90.2,49.12
P52230,Q5UR29.1,28.283,99,65,4,2,96,29,125,1.08e-22,88.3,49.49
P52230,Q9CAS1.1,22.936,109,79,3,5,110,40,146,1.08e-22,88.7,49.54
P52230,Q6IUU3.1,20.000,95,71,2,1,90,41,135,1.12e-22,94.5,43.16
P52230,Q5TKD8.1,22.727,110,81,3,1,107,78,186,1.22e-22,90.2,39.09
P52230,Q86VQ3.4,24.074,108,79,3,1,107,447,552,1.48e-22,93.7,46.30
P52230,Q8LCT3.2,27.059,85,60,2,1,84,102,185,2.32e-22,90.2,45.88
P52230,O23166.2,31.633,98,64,2,15,109,132,229,2.45e-22,90.6,52.04
P52230,Q8BND5.1,21.053,95,66,3,1,86,41,135,4.22e-22,92.5,43.16
P52230,P77395.2,27.273,110,79,1,1,109,2,111,5.65e-22,90.2,53.64
P52230,H2N4I1.2,20.168,119,86,3,1,110,41,159,8.66e-22,91.8,39.50
P52230,A3KPF5.1,19.469,113,86,3,1,110,75,185,1.16e-21,91.4,38.94
P52230,A3KPF5.1,19.565,92,71,2,1,90,415,505,6.77e-08,52.1,42.39
P52230,O00391.3,20.168,119,86,3,1,110,38,156,1.94e-21,90.6,39.50
P52230,Q8GYD1.1,19.811,106,83,1,1,104,23,128,2.12e-21,85.2,42.45
P52230,Q6ZRP7.3,19.792,96,72,2,1,91,59,154,2.36e-21,90.6,37.50
P52230,Q93VQ9.1,30.928,97,61,3,2,93,49,144,2.98e-21,85.2,49.48
P52230,Q7Y0D4.1,28.571,98,67,2,15,109,133,230,3.60e-21,87.5,51.02
P52230,Q9LJU2.1,17.460,126,86,3,2,110,140,264,5.74e-21,89.1,39.68
P52230,Q10N04.1,20.909,110,85,1,1,108,27,136,6.27e-21,84.1,40.91
P52230,Q3TMX7.1,20.833,96,71,2,1,91,53,148,7.73e-21,89.1,38.54
P52230,Q66GQ3.1,16.814,113,89,3,1,110,73,183,1.05e-20,88.7,38.05
P52230,Q66GQ3.1,20.455,88,66,2,5,90,418,503,1.41e-09,56.7,45.45
P52230,Q5UR25.1,24.510,102,70,2,15,109,244,345,1.19e-20,87.5,50.00
P52230,Q9CQM9.1,23.301,103,76,3,9,110,20,120,1.32e-20,87.2,46.60
P52230,P29445.1,26.596,94,66,2,1,94,2,92,1.41e-20,82.1,47.87
P52230,O08841.2,20.000,120,83,4,1,107,39,158,1.63e-20,87.9,40.83
P52230,Q9JLZ1.2,23.301,103,76,3,9,110,20,120,2.16e-20,86.8,46.60
P52230,P73920.1,28.125,96,66,2,17,109,48,143,3.01e-20,83.3,44.79
P52230,P29446.1,26.374,91,64,2,1,91,1,88,4.69e-20,80.2,49.45
P52230,O76003.2,23.301,103,76,3,9,110,18,118,5.12e-20,85.6,45.63
P52230,Q28ID3.2,24.272,103,75,3,9,110,9,109,6.17e-20,85.2,44.66
P52230,Q8GXV2.1,21.000,100,75,2,2,98,40,138,1.04e-19,81.4,46.00
P52230,P40557.1,14.035,114,90,3,1,108,30,141,1.07e-19,85.6,38.60
P52230,Q58DA7.1,22.772,101,75,3,9,108,17,115,1.13e-19,84.5,46.53
P52230,Q8LDI5.2,24.752,101,72,2,1,98,1,100,1.75e-19,79.8,43.56
P52230,Q54KN7.1,29.474,95,65,2,15,108,12,105,1.78e-19,79.5,44.21
P52230,Q9ZPH2.1,18.182,110,87,3,1,110,2,108,1.63e-18,82.1,44.55
P52230,Q655X0.2,25.000,116,72,5,1,107,61,170,1.67e-18,78.7,42.24
P52230,Q920J4.3,19.820,111,86,3,1,110,1,109,2.31e-18,80.6,45.05
P52230,O43396.3,19.820,111,86,3,1,110,1,109,2.62e-18,80.2,45.05
P52230,Q8CDN6.3,19.820,111,86,3,1,110,1,109,2.64e-18,80.2,45.05
P52230,Q8IDP4.1,18.000,100,82,0,9,108,58,157,2.73e-18,77.9,46.00
P52230,Q00002.2,27.500,80,50,3,2,76,235,311,3.68e-18,81.4,47.50
P52230,Q5XJ54.1,25.000,108,78,3,1,107,1,106,4.02e-18,80.2,42.59
P52230,O74790.1,18.349,109,86,3,3,110,1,107,4.44e-18,79.1,45.87
P52230,Q6A555.2,18.391,87,69,2,3,88,1,86,4.50e-18,76.4,45.98
P52230,O22229.2,28.090,89,64,0,19,107,440,528,6.69e-18,80.6,51.69
P52230,Q70G58.2,28.090,89,64,0,19,107,426,514,1.45e-17,79.8,52.81
P52230,Q8LCH9.1,28.125,96,63,3,2,94,21,113,2.51e-17,74.4,45.83
P52230,Q03835.2,21.000,100,76,2,2,98,1,100,3.64e-17,76.8,43.00
P52230,Q5WA72.1,23.009,113,82,3,1,110,66,176,3.80e-17,78.3,38.94
P52230,Q5WA72.1,23.256,86,60,2,1,82,404,487,4.63e-08,52.5,48.84
P52230,Q1ZXE0.2,25.472,106,75,3,2,105,1,104,7.03e-17,72.5,51.89
P52230,A0A509AQW5.1,16.505,103,86,0,6,108,55,157,2.47e-16,72.5,40.78
P52230,Q86H62.1,26.000,100,69,2,3,98,1,99,3.29e-16,74.1,51.00
P52230,O22779.1,26.471,68,49,1,19,86,111,177,5.94e-16,74.1,51.47
P52230,O64654.1,26.027,73,53,1,14,86,110,181,7.09e-16,73.7,49.32
P52230,Q0IWL9.2,23.529,85,63,2,26,110,25,107,8.39e-16,74.4,45.88
P52230,Q6Z4N3.1,23.288,73,55,1,14,86,106,177,1.28e-15,72.9,50.68
P52230,Q9XFI1.1,23.288,73,55,1,14,86,98,169,1.73e-15,72.1,47.95
P52230,P32642.1,23.000,100,74,2,2,98,1,100,1.81e-15,72.1,48.00
P52230,P35088.1,27.273,99,69,2,15,110,51,149,3.45e-15,70.6,51.52
P52230,Q6DFS0.1,20.408,98,70,3,1,90,134,231,4.74e-15,71.7,48.98
P52230,Q0J9V5.1,24.000,100,72,2,2,98,12,110,5.92e-15,68.7,47.00
P52230,Q9C5C5.1,19.658,117,83,5,4,110,87,202,7.25e-15,69.8,41.88
P52230,Q6YTI3.1,18.447,103,76,4,15,110,99,200,8.88e-15,69.8,41.75
P52230,Q10M18.1,26.027,73,53,1,14,86,107,178,9.68e-15,70.6,47.95
P52230,Q58E26.1,21.429,98,69,3,1,90,134,231,1.32e-14,70.6,47.96
P52230,Q9D710.1,20.455,88,62,3,9,88,142,229,2.42e-14,69.8,48.86
P52230,Q8N807.2,23.214,112,81,4,1,109,385,494,3.58e-14,69.8,37.50
P52230,Q8N807.2,20.175,114,85,3,1,109,41,153,0.002,39.0,37.72
P52230,Q7JW12.1,22.115,104,73,3,9,104,134,237,4.09e-14,69.1,43.27
P52230,Q5XIK2.1,20.000,90,64,3,9,90,142,231,4.41e-14,69.1,48.89
P52230,Q5RF53.1,21.111,90,63,3,9,90,142,231,4.92e-14,69.1,48.89
P52230,O31820.1,29.464,112,54,2,19,105,57,168,6.58e-14,66.7,42.86
P52230,Q4R5B4.1,20.000,90,64,3,9,90,142,231,6.74e-14,68.7,48.89
P52230,Q8VZT6.1,22.772,101,74,2,10,106,84,184,9.66e-14,66.7,51.49
P52230,Q2TBU2.1,20.000,90,64,3,9,90,142,231,1.04e-13,67.9,50.00
P52230,Q9FG36.3,19.355,93,70,2,21,108,118,210,1.26e-13,66.7,52.69
P52230,Q9Y320.1,20.690,87,61,3,9,87,142,228,1.61e-13,67.5,50.57
P52230,Q6AUC6.1,14.925,134,89,6,1,110,43,175,1.73e-13,67.9,35.07
P52230,Q54NX2.1,28.302,106,65,3,6,105,16,116,1.84e-13,64.4,44.34
P52230,Q9DAN1.2,23.894,113,79,4,1,109,382,491,2.62e-13,67.5,38.05
P52230,Q9DAN1.2,18.987,79,61,1,16,91,52,130,0.041,35.5,39.24
P52230,Q9ZU40.2,13.433,134,89,5,2,110,34,165,2.78e-13,67.5,30.60
P52230,O34357.1,26.437,87,61,2,25,109,20,105,3.88e-13,63.3,44.83
P52230,Q7XSQ7.2,25.316,79,56,2,15,93,40,115,4.28e-13,63.7,48.10
P52230,Q6Z7L3.2,21.053,95,69,3,18,107,99,192,4.63e-13,64.8,50.53
P52230,Q5XI02.1,22.124,113,81,4,1,109,382,491,5.88e-13,66.4,36.28
P52230,Q5XI02.1,17.722,79,62,1,16,91,52,130,0.014,37.1,37.97
P52230,Q9H1E5.1,16.822,107,84,3,1,106,35,137,7.25e-13,66.0,42.99
P52230,Q95LM0.1,24.107,112,80,4,1,109,385,494,9.01e-13,66.0,38.39
P52230,Q95LM0.1,19.298,114,86,3,1,109,41,153,0.006,38.2,35.96
P52230,Q17688.2,20.000,110,81,3,6,109,28,136,9.87e-13,66.0,37.27
P52230,P64808.1,22.321,112,85,1,1,110,41,152,1.07e-12,65.2,47.32
P52230,Q8C0L0.2,15.888,107,85,3,1,106,31,133,1.53e-12,65.2,42.06
P52230,A0A1L1SUL6.1,20.755,106,81,3,6,110,12,115,2.80e-12,64.4,39.62
P52230,P87178.1,17.857,112,81,5,6,110,29,136,3.38e-12,64.4,47.32
P52230,P87178.1,17.391,92,75,1,15,106,292,382,2.61e-09,56.3,40.22
P52230,Q8W4J3.1,15.152,132,89,4,2,110,40,171,4.26e-12,64.0,30.30
P52230,Q5HVG7.1,20.561,107,71,3,9,105,464,566,6.16e-12,63.7,45.79
P52230,Q6IQC7.1,21.111,90,63,3,9,90,142,231,6.44e-12,63.3,50.00
P52230,Q7TN22.1,19.608,102,78,2,6,105,395,494,7.08e-12,63.7,43.14
P52230,Q57755.1,30.864,81,52,2,28,108,9,85,7.35e-12,59.4,54.32
P52230,P68569.1,23.711,97,68,2,15,107,40,134,1.38e-11,59.8,46.39
P52230,P92979.2,16.842,95,74,3,16,105,368,462,1.43e-11,62.5,38.95
P52230,Q18484.1,16.471,85,64,2,13,90,136,220,2.06e-11,61.3,41.18
P52230,P92981.2,16.071,112,87,5,1,105,340,451,2.92e-11,61.7,38.39
P52230,Q9MAH1.1,31.579,57,38,1,36,92,628,683,2.92e-11,61.7,56.14
P52230,Q6PKC3.2,18.919,111,83,4,5,110,692,800,3.23e-11,61.7,40.54
P52230,Q6PKC3.2,20.192,104,74,2,12,110,116,215,2.44e-08,53.3,36.54
P52230,P43787.1,20.183,109,67,2,12,100,48,156,3.95e-11,59.4,38.53
P52230,P92980.2,15.315,111,87,5,2,105,345,455,4.19e-11,61.3,38.74
P52230,Q39591.1,14.019,107,88,4,5,109,5,109,4.28e-11,58.7,42.06
P52230,Q84P95.1,18.478,92,74,1,18,109,74,164,4.71e-11,61.0,38.04
P52230,Q39592.1,21.875,96,70,3,7,98,12,106,7.78e-11,58.3,43.75
P52230,Q8CXF3.1,24.561,114,62,3,20,109,76,189,7.89e-11,59.0,39.47
P52230,A5UI29.1,17.797,118,79,6,5,108,466,579,1.17e-10,59.8,39.83
P52230,Q9CQ79.1,23.529,85,63,2,9,93,78,160,1.76e-10,58.7,52.94
P52230,Q71A37.1,23.214,112,74,4,3,109,46,150,2.45e-10,57.5,41.96
P52230,Q86XW9.1,20.952,105,82,1,6,110,12,115,2.55e-10,58.7,40.95
P52230,A4FUW8.1,18.919,111,83,4,5,110,664,772,2.56e-10,59.0,40.54
P52230,A4FUW8.1,19.231,104,75,2,12,110,115,214,3.11e-08,53.3,36.54
P52230,A8WG88.1,20.225,89,63,3,10,90,143,231,3.06e-10,58.7,46.07
P52230,P44919.1,17.797,118,79,6,5,108,466,579,5.09e-10,58.3,38.98
P52230,Q6D9J6.1,15.833,120,84,5,3,109,462,577,5.29e-10,58.3,33.33
P52230,Q98PL5.1,23.077,104,73,3,13,109,6,109,6.25e-10,55.2,41.35
P52230,P81110.1,34.091,44,29,0,5,48,1,44,6.45e-10,53.3,56.82
P52230,Q9P2K2.4,18.447,103,80,2,5,105,393,493,6.50e-10,57.9,40.78
P52230,Q84NN4.1,20.000,100,71,3,2,93,184,282,6.70e-10,57.5,44.00
P52230,Q84NN4.1,14.286,105,79,5,1,98,71,171,1.53e-05,45.2,38.10
P52230,A5UDI9.1,17.949,117,78,6,5,107,466,578,9.39e-10,57.5,39.32
P52230,Q9SGS4.1,23.684,76,53,2,33,104,219,293,1.17e-09,56.7,47.37
P52230,Q9SGS4.1,14.286,112,83,5,1,104,72,178,0.010,37.1,34.82
P52230,Q4QM23.1,17.949,117,78,6,5,107,466,578,1.27e-09,57.1,39.32
P52230,Q2QP53.1,19.192,99,77,3,6,103,63,159,1.61e-09,56.3,49.49
P52230,Q9JTL9.2,20.202,99,64,4,21,108,507,601,2.24e-09,56.3,41.41
P52230,Q9JYM0.1,20.202,99,64,4,21,108,507,601,2.54e-09,56.3,41.41
P52230,Q8N427.2,24.176,91,68,1,6,95,12,102,2.69e-09,56.0,42.86
P52230,O34342.1,29.851,67,40,2,33,98,11,71,2.85e-09,52.5,50.75
P52230,Q73B22.1,23.684,114,63,3,20,109,60,173,2.98e-09,54.4,40.35
P52230,Q8K581.2,23.529,85,63,2,9,93,78,160,3.38e-09,55.2,51.76
P52230,Q44856.1,22.642,106,77,3,5,108,16,118,3.47e-09,53.3,43.40
P52230,Q0IHI1.1,14.130,92,77,2,19,109,188,278,3.48e-09,55.6,41.30
P52230,Q6HL81.1,23.684,114,63,3,20,109,60,173,3.56e-09,54.4,40.35
P52230,Q9SA00.1,25.000,88,65,1,22,109,82,168,3.58e-09,55.6,38.64
P52230,O14530.2,21.176,85,65,2,9,93,78,160,3.71e-09,55.2,51.76
P52230,Q81FU5.1,23.684,114,63,3,20,109,60,173,3.79e-09,54.4,40.35
P52230,Q7MZX2.1,17.117,111,71,7,12,105,465,571,3.80e-09,55.6,36.94
P52230,A0RBT0.1,23.684,114,63,3,20,109,60,173,3.87e-09,54.4,40.35
P52230,Q96J42.1,13.043,92,78,2,19,109,206,296,4.15e-09,55.6,39.13
P52230,A3N207.1,14.019,107,75,4,14,107,481,583,4.32e-09,55.6,33.64
P52230,Q6IRC5.1,23.158,95,73,0,1,95,7,101,4.75e-09,55.6,38.95
P52230,Q99316.1,13.684,95,72,3,1,87,24,116,6.39e-09,54.8,34.74
P52230,Q5BJT4.1,13.043,92,78,2,19,109,189,279,6.58e-09,54.8,39.13
P52230,Q6P6J9.1,13.043,92,78,2,19,109,190,280,6.59e-09,54.8,39.13
P52230,P30960.2,20.721,111,66,2,20,108,79,189,8.26e-09,53.6,36.94
P52230,O31687.1,19.266,109,61,3,25,106,57,165,1.32e-08,52.9,40.37
P52230,Q5DJV7.1,15.625,96,74,3,17,109,81,172,1.38e-08,53.6,38.54
P52230,Q9ZPE9.2,24.051,79,53,3,28,103,81,155,1.44e-08,53.6,44.30
P52230,Q8ZKC3.1,19.008,121,80,6,3,109,451,567,1.51e-08,54.0,34.71
P52230,Q84M47.1,21.795,78,60,1,26,103,82,158,1.63e-08,53.6,37.18
P52230,O32171.1,16.484,91,75,1,20,110,13,102,1.79e-08,51.3,43.96
P52230,Q5PIQ0.1,19.008,121,80,6,3,109,451,567,2.10e-08,53.6,34.71
P52230,Q8K2W3.1,19.231,104,75,2,12,110,112,211,2.37e-08,53.6,36.54
P52230,Q8K2W3.1,21.519,79,59,3,5,82,661,737,1.38e-07,51.3,46.84
P52230,Q9KCJ4.1,22.727,110,61,3,20,105,61,170,2.83e-08,52.1,40.00
P52230,Q5WGY8.1,23.478,115,65,2,19,110,62,176,3.64e-08,51.7,40.87
P52230,Q3YUK4.1,17.355,121,82,7,3,109,449,565,3.73e-08,52.9,35.54
P52230,A7MMC7.1,18.644,118,78,7,5,108,460,573,3.84e-08,52.9,39.83
P52230,Q8Z1A8.1,19.008,121,80,6,3,109,451,567,3.95e-08,52.9,35.54
P52230,O64628.1,19.565,92,69,4,6,96,70,157,4.34e-08,52.1,48.91
P52230,Q57GQ5.1,18.182,121,81,6,3,109,451,567,4.71e-08,52.5,33.88
P52230,Q93YX4.1,16.981,106,85,2,6,109,57,161,4.85e-08,52.5,41.51
P52230,Q7VMZ4.1,21.239,113,77,5,6,107,462,573,4.95e-08,52.5,38.05
P52230,Q5QVU3.1,14.912,114,88,3,5,109,454,567,5.04e-08,52.5,38.60
P52230,Q9CP40.1,17.526,97,71,5,19,106,471,567,5.35e-08,52.5,41.24
P52230,P58162.1,17.355,121,82,7,3,109,449,565,5.66e-08,52.5,35.54
P52230,P36655.4,17.355,121,82,7,3,109,449,565,5.66e-08,52.5,35.54
P52230,Q328D2.1,17.355,121,82,7,3,109,449,565,5.66e-08,52.5,35.54
P52230,Q0SXE3.1,17.355,121,82,7,3,109,449,565,5.66e-08,52.5,35.54
P52230,Q0T9Q5.1,17.355,121,82,7,3,109,449,565,5.66e-08,52.5,35.54
P52230,Q63DQ8.1,22.807,114,64,3,20,109,60,173,6.32e-08,50.9,39.47
P52230,Q487R3.1,16.949,118,85,3,2,106,488,605,6.60e-08,52.1,38.98
P52230,Q87KW0.1,17.355,121,80,6,3,107,497,613,7.49e-08,52.1,37.19
P52230,Q5KXL9.1,26.364,110,57,3,21,106,62,171,8.04e-08,50.9,38.18
P52230,P52236.2,19.643,112,62,3,12,99,56,163,8.64e-08,50.6,33.93
P52230,A4IQF5.1,26.364,110,57,3,21,106,62,171,9.90e-08,50.6,39.09
P52230,Q15ZS2.1,17.500,120,77,8,6,108,478,592,1.12e-07,51.3,40.83
P52230,Q8CVH5.1,17.355,121,82,7,3,109,449,565,1.22e-07,51.3,35.54
P52230,P36893.1,25.806,124,65,3,10,109,52,172,1.58e-07,50.2,40.32
P52230,Q9P4X1.4,15.584,77,64,1,33,109,209,284,1.64e-07,50.9,36.36
P52230,Q65HX8.1,22.124,113,58,4,20,105,60,169,1.81e-07,49.8,37.17
P52230,O18883.2,21.176,85,65,2,9,93,78,160,1.84e-07,50.2,50.59
P52230,P45409.1,25.424,118,58,4,20,109,67,182,2.52e-07,49.4,38.14
P52230,Q6Z4A7.1,14.530,117,91,3,1,108,359,475,2.63e-07,50.6,35.90
P52230,Q9SIN1.2,21.053,57,44,1,36,92,620,675,2.79e-07,50.6,49.12
P52230,Q31T72.1,16.529,121,83,7,3,109,449,565,2.81e-07,50.2,34.71
P52230,A4TRR6.1,20.000,105,65,5,19,109,493,592,2.94e-07,50.2,38.10
P52230,P35160.2,19.697,132,76,4,1,105,42,170,3.18e-07,49.4,34.85
P52230,A6TH46.1,17.241,116,78,8,5,106,484,595,3.44e-07,50.2,41.38
P52230,Q84JR9.1,25.455,55,40,1,38,92,613,666,4.31e-07,49.8,49.09
P52230,Q66FE1.1,20.000,105,65,5,19,109,493,592,4.34e-07,49.8,38.10
P52230,Q4VWQ3.1,19.565,92,67,3,20,107,86,174,7.86e-07,48.3,42.39
P52230,Q8DCZ0.1,18.947,95,58,5,1,81,473,562,1.10e-06,48.6,41.05
P52230,Q7MGV6.1,18.947,95,58,5,1,81,478,567,1.10e-06,48.6,41.05
P52230,Q715T0.1,22.222,90,69,1,7,95,13,102,1.12e-06,48.6,38.89
P52230,Q67VZ8.1,17.391,92,75,1,18,109,69,159,1.40e-06,48.3,32.61
P52230,O77404.1,26.744,86,37,2,21,80,28,113,2.03e-06,46.7,36.05
P52230,A1JIN7.1,19.000,100,70,5,19,108,479,577,2.11e-06,47.9,40.00
P52230,Q9KNN1.1,19.048,105,68,6,16,107,498,598,2.16e-06,47.9,38.10
P52230,P81108.1,35.000,40,26,0,5,44,1,40,2.77e-06,44.0,57.50
P52230,Q715S9.2,16.495,97,66,3,7,95,13,102,3.82e-06,47.1,31.96
P52230,Q95YJ5.1,22.430,107,74,3,6,106,11,114,4.59e-06,46.7,38.32
P52230,O80763.1,20.652,92,47,2,28,93,50,141,7.52e-06,46.3,31.52
P52230,O80763.1,19.277,83,41,2,21,77,363,445,0.007,37.9,32.53
P52230,O26898.3,24.691,81,57,2,28,108,8,84,8.03e-06,43.6,48.15
P52230,Q7Y0E8.1,23.256,86,40,3,21,80,359,444,8.94e-06,45.9,36.05
P52230,Q7Y0E8.1,19.540,87,43,2,24,83,37,123,4.99e-05,44.0,31.03
P52230,O55772.1,14.894,94,74,2,20,108,34,126,1.17e-05,44.8,36.17
P52230,Q7ZV50.1,16.935,124,85,4,1,106,42,165,1.24e-05,45.6,34.68
P52230,Q9XDB2.1,18.349,109,72,5,14,109,473,577,1.50e-05,45.6,32.11
P52230,Q2NW99.1,18.056,72,45,3,21,82,493,560,1.50e-05,45.6,40.28
P52230,A8AMR4.1,18.681,91,59,5,3,82,453,539,1.63e-05,45.2,37.36
P52230,Q7Y0F2.1,20.833,96,47,3,24,90,44,139,2.01e-05,45.2,32.29
P52230,Q7Y0F2.1,19.767,86,43,3,21,80,366,451,4.11e-04,41.3,34.88
P52230,Q8TFH3.1,17.886,123,87,4,1,109,28,150,2.41e-05,44.8,31.71
P52230,Q197B9.1,16.162,99,62,2,21,104,36,128,2.46e-05,43.2,36.36
P52230,P43221.1,39.535,43,25,1,21,62,95,137,2.59e-05,44.4,60.47
P52230,Q8ZD52.1,34.426,61,37,1,11,71,63,120,2.82e-05,44.0,57.38
P52230,P96695.1,16.129,93,77,1,15,107,14,105,3.30e-05,42.9,39.78
P52230,Q9HUW5.1,21.782,101,62,4,19,106,490,586,3.30e-05,44.4,40.59
P52230,P90666.1,17.143,105,85,2,5,109,12,114,4.20e-05,44.0,43.81
P52230,Q5ZKZ4.1,20.000,90,70,2,21,109,155,243,4.35e-05,44.0,38.89
P52230,P86235.1,34.884,43,25,1,63,105,5,44,6.15e-05,43.2,44.19


