P40557,P0A4L1.2,19.626,107,84,1,21,125,1,107,1.19e-43,147,42.99
P40557,P12243.2,19.802,101,79,1,27,125,7,107,6.37e-43,145,45.54
P40557,P48384.1,19.820,111,87,1,17,125,62,172,8.54e-43,147,42.34
P40557,P0AA25.2,18.349,109,87,1,20,126,1,109,9.16e-43,145,41.28
P40557,P52231.3,17.757,107,86,1,21,125,1,107,6.63e-42,142,45.79
P40557,P10472.5,16.667,108,88,1,21,126,1,108,9.98e-42,142,37.96
P40557,P50254.1,17.757,107,86,1,22,126,1,107,1.87e-41,141,44.86
P40557,P07591.2,21.311,122,94,1,8,127,60,181,1.93e-41,144,42.62
P40557,Q6H7E4.1,11.719,128,111,1,1,126,45,172,2.20e-41,143,40.62
P40557,Q41864.1,16.667,114,93,1,15,126,52,165,4.08e-41,142,41.23
P40557,Q8KE49.3,17.431,109,88,1,20,126,1,109,4.56e-41,140,36.70
P40557,P51225.1,16.822,107,87,1,22,126,1,107,7.05e-41,140,43.93
P40557,P00275.1,18.095,105,84,1,23,125,1,105,8.59e-41,140,42.86
P40557,Q4UNK3.2,22.549,102,77,1,26,125,4,105,1.02e-40,139,48.04
P40557,Q9X2T1.1,17.593,108,87,1,20,125,1,108,1.03e-40,139,42.59
P40557,P43785.1,19.626,107,84,1,21,125,1,107,1.32e-40,139,39.25
P40557,O48737.1,16.814,113,92,1,15,125,67,179,1.41e-40,142,39.82
P40557,P37395.1,20.561,107,83,1,21,125,1,107,1.76e-40,139,48.60
P40557,Q49WR2.1,16.346,104,87,0,22,125,1,104,2.45e-40,138,42.31
P40557,P66928.1,23.585,106,81,0,21,126,1,106,3.34e-40,138,41.51
P40557,Q9ZEE0.2,20.952,105,81,1,23,125,1,105,6.67e-40,137,44.76
P40557,P50338.2,17.757,107,86,1,22,126,1,107,7.45e-40,137,45.79
P40557,Q9ZP21.1,14.286,119,100,1,10,126,56,174,9.22e-40,139,36.97
P40557,Q9ZP20.1,15.625,128,106,1,1,126,44,171,1.06e-39,139,37.50
P40557,P0A0K4.1,15.385,104,88,0,22,125,1,104,1.13e-39,137,41.35
P40557,Q4L5F0.1,17.308,104,86,0,22,125,1,104,1.22e-39,137,41.35
P40557,Q4VIT4.1,12.500,232,193,2,22,249,25,250,1.26e-39,147,32.76
P40557,Q4VIT4.1,22.764,123,88,4,13,129,367,488,2.07e-23,102,43.90
P40557,Q4VIT4.1,4.487,156,125,7,143,274,299,454,3.44e-06,51.5,17.95
P40557,Q9XGS0.1,16.814,113,92,1,15,125,64,176,1.39e-39,139,40.71
P40557,Q9SEU6.2,15.385,117,97,1,11,125,75,191,2.01e-39,139,39.32
P40557,Q92JR5.1,21.569,102,78,1,26,125,4,105,2.02e-39,136,47.06
P40557,P52233.1,18.519,108,86,1,20,125,1,108,2.84e-39,136,42.59
P40557,Q5HQ29.1,15.385,104,88,0,22,125,1,104,2.89e-39,135,41.35
P40557,P80579.1,22.115,104,80,1,23,125,1,104,3.51e-39,135,43.27
P40557,Q9CM49.1,16.981,106,86,1,22,125,1,106,3.77e-39,135,37.74
P40557,Q1RKN1.2,19.608,102,80,1,26,125,4,105,3.86e-39,135,44.12
P40557,Q7X8R5.2,11.765,119,103,1,9,125,60,178,5.95e-39,137,40.34
P40557,P14949.3,20.192,104,83,0,22,125,1,104,6.15e-39,135,45.19
P40557,Q68Y00.1,20.952,105,81,1,23,125,1,105,6.21e-39,135,44.76
P40557,Q8JG64.1,12.821,234,190,3,21,249,24,248,6.72e-39,145,34.19
P40557,Q8JG64.1,22.689,119,85,4,13,125,365,482,3.08e-23,102,44.54
P40557,Q8JG64.1,4.938,162,128,8,143,278,297,458,1.45e-06,52.7,16.05
P40557,P30101.4,12.069,232,194,2,22,249,25,250,7.59e-39,145,32.33
P40557,P30101.4,22.764,123,88,4,13,129,367,488,1.79e-23,102,43.90
P40557,P30101.4,4.487,156,125,7,143,274,299,454,3.06e-06,51.5,17.95
P40557,O22022.1,23.077,104,76,2,24,125,1,102,8.18e-39,134,44.23
P40557,P33791.1,21.698,106,81,1,22,125,1,106,1.04e-38,134,38.68
P40557,P27773.2,12.121,264,220,3,23,282,26,281,1.36e-38,144,31.82
P40557,P27773.2,22.764,123,88,4,13,129,367,488,1.09e-22,100,44.72
P40557,P27773.2,5.769,156,123,7,143,274,299,454,2.85e-06,51.9,17.95
P40557,P11598.2,12.121,231,193,2,23,249,26,250,1.46e-38,144,32.90
P40557,P11598.2,21.951,123,89,4,13,129,367,488,2.07e-22,99.7,44.72
P40557,P11598.2,5.769,156,123,7,143,274,299,454,5.71e-06,50.8,17.95
P40557,P23400.3,21.782,101,77,1,27,125,39,139,1.52e-38,135,47.52
P40557,Q9SEU8.2,17.094,117,95,1,11,125,69,185,2.02e-38,136,41.03
P40557,P38657.1,12.500,232,193,2,22,249,25,250,2.39e-38,143,32.33
P40557,P38657.1,22.764,123,88,4,13,129,367,488,2.24e-23,102,44.72
P40557,P38657.1,4.459,157,126,7,142,274,298,454,1.95e-06,52.3,17.83
P40557,Q7M1B9.3,17.308,104,84,1,25,126,5,108,8.78e-38,132,44.23
P40557,P52227.1,22.330,103,79,1,23,125,1,102,1.12e-37,132,40.78
P40557,P0AGG4.1,16.102,118,98,1,9,125,22,139,3.88e-37,131,34.75
P40557,P08058.3,16.981,106,86,1,22,125,1,106,4.69e-37,130,38.68
P40557,Q9Z7P5.1,18.447,103,83,1,23,125,1,102,1.33e-36,128,41.75
P40557,P52230.4,14.679,109,91,1,20,126,1,109,1.52e-36,129,41.28
P40557,P38658.1,15.111,225,166,3,9,208,4,228,1.95e-36,138,30.22
P40557,P38658.1,16.296,135,106,4,6,134,342,475,1.14e-22,100,34.81
P40557,P38658.1,5.769,208,170,6,96,285,248,447,3.88e-05,48.1,19.71
P40557,P21195.1,18.966,174,126,4,6,173,9,173,2.14e-36,138,37.93
P40557,P21195.1,24.299,107,73,4,23,123,369,473,2.41e-21,96.6,43.93
P40557,P21195.1,7.774,283,192,12,63,280,175,453,5.00e-04,45.0,19.43
P40557,Q5R5B6.1,19.101,178,129,4,2,173,4,172,3.18e-36,138,36.52
P40557,Q5R5B6.1,21.818,110,78,4,20,123,365,472,6.86e-20,92.4,43.64
P40557,Q5R5B6.1,7.609,276,192,11,64,280,175,446,0.007,41.5,21.38
P40557,P09857.1,19.811,106,83,1,21,124,1,106,3.24e-36,128,39.62
P40557,P10473.1,15.385,104,86,1,24,125,1,104,4.56e-36,127,41.35
P40557,P07887.3,18.519,108,86,1,20,125,1,108,9.78e-36,127,38.89
P40557,Q9MAU6.2,12.203,295,189,5,6,285,16,255,9.84e-36,135,24.41
P40557,Q9MAU6.2,23.810,126,93,2,13,135,158,283,3.86e-29,118,42.86
P40557,P08003.3,14.170,247,196,7,12,249,160,399,1.82e-35,137,34.41
P40557,P08003.3,22.727,110,80,3,22,127,55,163,3.42e-28,117,46.36
P40557,P08003.3,16.279,129,101,3,7,128,503,631,4.52e-20,93.1,35.66
P40557,P08003.3,4.520,177,144,7,132,284,432,607,3.26e-06,51.5,16.95
P40557,O84544.1,22.549,102,78,1,23,124,1,101,2.17e-35,125,44.12
P40557,O48773.1,14.694,245,148,4,7,248,15,201,2.29e-35,135,28.57
P40557,O48773.1,21.138,123,94,2,16,135,156,278,2.10e-28,115,39.84
P40557,P0A4L3.1,22.330,103,80,0,23,125,1,103,2.47e-35,125,45.63
P40557,Q9V438.1,9.886,263,202,6,22,249,156,418,2.83e-35,134,25.48
P40557,Q9V438.1,21.552,116,88,2,1,113,4,119,1.22e-29,119,41.38
P40557,Q9PJK3.1,19.608,102,81,1,23,124,1,101,2.90e-35,125,43.14
P40557,P05307.1,19.760,167,119,4,13,173,17,174,4.19e-35,135,38.92
P40557,P05307.1,22.727,110,77,4,20,123,367,474,8.42e-20,92.4,43.64
P40557,P05307.1,7.581,277,193,11,63,280,176,448,0.007,41.1,21.30
P40557,P38659.2,14.815,243,199,5,12,249,165,404,7.77e-35,135,33.74
P40557,P38659.2,22.727,110,80,3,22,127,60,168,1.85e-28,117,46.36
P40557,P38659.2,17.054,129,100,3,7,128,508,636,6.43e-20,92.8,34.88
P40557,P38659.2,5.682,176,143,4,132,284,437,612,5.66e-06,50.8,18.18
P40557,P57653.1,24.299,107,79,1,21,125,1,107,8.20e-35,124,45.79
P40557,Q2HWU2.1,20.000,165,117,4,15,173,19,174,8.52e-35,134,38.79
P40557,Q2HWU2.1,21.818,110,78,4,20,123,367,474,1.42e-20,94.3,42.73
P40557,Q2HWU2.1,3.061,98,74,5,197,273,348,445,0.012,40.4,14.29
P40557,P0A617.2,16.216,111,91,1,17,125,2,112,9.76e-35,124,41.44
P40557,P07237.3,19.880,166,118,4,14,173,16,172,1.21e-34,133,38.55
P40557,P07237.3,21.818,110,78,4,20,123,365,472,9.13e-20,92.0,43.64
P40557,P07237.3,7.609,276,192,11,64,280,175,446,0.005,41.5,21.01
P40557,Q15084.1,13.074,283,211,6,14,261,152,434,1.41e-34,132,27.21
P40557,Q15084.1,24.762,105,76,2,18,119,21,125,1.14e-33,130,47.62
P40557,P96132.1,21.111,90,69,1,20,107,1,90,1.48e-34,123,43.33
P40557,Q8NBS9.2,24.000,125,92,2,8,129,308,432,2.01e-34,132,44.80
P40557,Q8NBS9.2,9.880,334,214,9,28,274,67,400,6.31e-33,128,23.95
P40557,Q8NBS9.2,24.779,113,83,1,15,125,182,294,1.23e-32,127,46.02
P40557,P59527.1,20.183,109,85,1,20,126,1,109,2.19e-34,123,44.04
P40557,Q43116.1,14.504,262,198,8,1,239,11,269,2.37e-34,133,30.53
P40557,Q43116.1,19.531,128,99,2,11,134,365,492,3.04e-23,102,44.53
P40557,Q43116.1,7.296,233,184,8,71,274,226,455,2.47e-04,45.8,15.88
P40557,P38660.1,24.107,112,82,2,11,119,14,125,2.39e-34,132,46.43
P40557,P38660.1,11.538,286,219,6,14,265,152,437,2.52e-34,132,26.22
P40557,Q942L2.1,14.397,257,213,5,20,270,33,288,2.78e-34,130,31.52
P40557,Q942L2.1,12.273,220,184,5,22,235,153,369,1.36e-32,126,30.00
P40557,Q8L7S9.1,18.110,127,102,1,1,125,37,163,3.13e-34,125,33.07
P40557,Q91W90.2,23.200,125,93,2,8,129,293,417,3.54e-34,131,47.20
P40557,Q91W90.2,14.957,234,193,2,5,236,158,387,5.03e-34,130,28.63
P40557,Q91W90.2,9.281,334,215,10,28,274,53,385,7.14e-33,127,23.05
P40557,Q5R6T1.1,13.074,283,211,6,14,261,152,434,3.59e-34,131,27.21
P40557,Q5R6T1.1,24.762,105,76,2,18,119,21,125,1.26e-33,130,47.62
P40557,Q10057.1,22.464,138,105,2,1,136,1,138,3.74e-34,132,45.65
P40557,Q10057.1,21.600,125,89,4,8,126,341,462,6.15e-27,112,44.00
P40557,Q10057.1,8.682,311,216,10,22,273,129,430,5.64e-10,63.1,21.86
P40557,Q922R8.3,12.195,287,217,6,14,265,152,438,3.77e-34,131,26.83
P40557,Q922R8.3,25.893,112,80,2,11,119,14,125,7.35e-34,130,47.32
P40557,Q17770.1,19.014,142,110,3,1,138,2,142,4.15e-34,132,39.44
P40557,Q17770.1,25.000,108,74,4,20,122,361,466,8.88e-21,95.1,45.37
P40557,Q17770.1,4.787,188,153,7,115,280,265,448,0.003,42.3,16.49
P40557,Q8IFW4.1,21.368,117,88,2,28,141,7,122,5.76e-34,123,41.03
P40557,Q5JMR9.2,15.574,122,101,1,6,125,43,164,5.99e-34,124,33.61
P40557,Q63081.2,25.000,112,81,2,11,119,14,125,6.24e-34,131,46.43
P40557,Q63081.2,20.536,112,83,2,14,119,152,263,2.61e-33,129,42.86
P40557,P13667.2,14.403,243,200,5,12,249,167,406,7.13e-34,133,32.51
P40557,P13667.2,20.000,125,95,3,22,142,62,185,3.22e-28,117,42.40
P40557,P13667.2,17.460,126,97,3,7,125,510,635,3.88e-21,96.2,36.51
P40557,P13667.2,5.263,190,157,5,119,285,426,615,9.81e-06,50.4,18.95
P40557,G4NFB7.1,18.487,119,93,4,8,124,51,167,8.89e-34,123,36.13
P40557,Q67UF5.1,22.034,118,90,1,12,127,19,136,1.04e-33,130,44.07
P40557,Q67UF5.1,14.184,282,210,9,17,266,160,441,6.03e-29,117,26.24
P40557,P46843.1,17.431,109,88,1,11,117,338,446,1.08e-33,130,42.20
P40557,Q17967.1,19.718,142,109,3,1,138,2,142,1.68e-33,130,38.03
P40557,Q17967.1,21.053,114,83,4,23,131,364,475,2.80e-21,96.2,40.35
P40557,Q17967.1,6.044,182,148,8,115,278,270,446,0.012,40.4,16.48
P40557,O22263.1,25.000,104,74,3,27,126,28,131,1.76e-33,128,50.00
P40557,O22263.1,15.625,160,128,4,23,175,142,301,1.63e-32,125,35.00
P40557,Q75M08.2,14.346,237,196,5,22,252,30,265,1.78e-33,128,30.38
P40557,Q75M08.2,13.362,232,190,6,11,235,137,364,2.67e-31,122,29.74
P40557,Q05739.1,17.000,100,80,2,20,117,1,99,2.21e-33,120,42.00
P40557,P09102.3,22.656,128,93,3,6,127,13,140,3.15e-33,130,46.09
P40557,P09102.3,21.818,110,78,4,20,123,370,477,8.31e-22,98.2,41.82
P40557,P09102.3,7.067,283,194,11,63,280,179,457,1.66e-04,46.1,17.67
P40557,Q9XI01.1,16.667,144,113,4,1,137,9,152,4.72e-33,129,43.06
P40557,Q9XI01.1,18.852,122,95,2,7,124,359,480,1.64e-20,94.3,41.80
P40557,Q9XI01.1,3.738,107,81,4,190,274,347,453,0.015,40.4,14.02
P40557,Q99757.2,13.077,130,108,2,2,126,37,166,4.99e-33,122,35.38
P40557,Q86IA3.2,19.863,146,111,3,1,140,1,146,5.17e-33,127,41.10
P40557,Q86IA3.2,15.232,151,120,5,20,162,140,290,2.15e-28,114,37.75
P40557,Q86IA3.2,8.140,172,134,5,135,282,60,231,0.037,38.8,16.28
P40557,Q8VX13.1,12.868,272,232,3,15,285,92,359,7.44e-33,129,31.99
P40557,Q8VX13.1,14.925,134,105,4,7,133,422,553,1.98e-14,76.6,35.82
P40557,Q8VX13.1,8.362,287,196,10,62,284,243,526,3.30e-06,51.5,19.51
P40557,Q1RQI9.1,19.192,99,77,3,30,126,8,105,7.46e-33,119,40.40
P40557,Q12730.1,25.000,132,97,2,4,133,7,138,9.24e-33,128,47.73
P40557,Q12730.1,21.168,137,95,5,9,135,346,479,8.11e-21,95.1,42.34
P40557,Q12730.1,8.176,318,225,12,18,274,128,439,1.79e-10,64.6,18.87
P40557,Q95108.2,16.832,101,82,1,28,126,66,166,9.27e-33,121,44.55
P40557,Q9XF61.1,15.152,165,130,5,15,172,26,187,9.36e-33,128,38.79
P40557,Q9XF61.1,17.361,144,115,2,7,146,362,505,1.73e-21,97.0,41.67
P40557,Q9XF61.1,9.783,92,68,2,198,274,365,456,0.006,41.5,21.74
P40557,O30974.1,19.231,104,80,2,18,117,1,104,9.37e-33,119,42.31
P40557,P38661.1,25.385,130,93,3,1,126,8,137,9.40e-33,126,43.85
P40557,P38661.1,20.168,119,90,3,18,131,143,261,3.14e-31,122,42.02
P40557,O83889.1,19.048,105,84,1,22,125,1,105,9.96e-33,119,42.86
P40557,Q6NPF9.1,18.750,128,102,1,1,126,42,169,1.15e-32,121,35.94
P40557,P29828.1,12.549,255,197,7,7,238,18,269,1.18e-32,128,30.59
P40557,P29828.1,21.552,116,87,2,13,124,368,483,5.18e-21,95.8,45.69
P40557,P29828.1,6.757,148,115,6,150,274,309,456,0.006,41.5,18.24
P40557,P97493.1,16.832,101,82,1,28,126,66,166,1.38e-32,120,44.55
P40557,P97615.1,16.832,101,82,1,28,126,66,166,1.60e-32,120,44.55
P40557,Q96JJ7.2,14.394,264,206,4,1,245,4,266,1.76e-32,127,31.06
P40557,Q11067.1,13.158,266,215,5,22,282,164,418,1.84e-32,127,30.83
P40557,Q11067.1,13.389,239,202,4,6,239,8,246,3.50e-32,126,31.38
P40557,Q6GNG3.1,25.781,128,91,2,3,127,6,132,2.28e-32,127,42.19
P40557,Q869Z0.1,16.304,184,136,5,18,185,23,204,2.41e-32,126,33.70
P40557,Q9H3N1.1,14.220,218,183,4,14,230,21,235,3.23e-32,123,29.82
P40557,Q9VYV3.2,13.953,301,241,6,1,284,14,313,4.32e-32,125,27.91
P40557,Q9VYV3.2,24.272,103,73,2,29,126,310,412,5.43e-29,117,48.54
P40557,Q39362.1,22.500,120,86,3,17,130,1,119,5.32e-32,117,40.00
P40557,D4B2L8.1,23.881,134,100,2,1,132,9,142,5.85e-32,126,45.52
P40557,D4B2L8.1,21.168,137,95,5,7,133,349,482,2.10e-21,97.0,42.34
P40557,D4B2L8.1,9.174,327,228,12,9,273,124,443,1.28e-10,65.0,21.71
P40557,O51890.1,20.370,108,84,1,21,126,1,108,8.13e-32,117,43.52
P40557,P80284.2,20.339,118,87,4,24,134,40,157,1.08e-31,125,49.15
P40557,P80284.2,23.770,122,88,3,7,124,366,486,3.44e-24,104,48.36
P40557,P80284.2,5.189,212,173,6,91,274,248,459,7.60e-06,50.4,15.09
P40557,P09103.2,19.277,166,119,4,14,173,18,174,1.13e-31,125,39.16
P40557,P09103.2,22.727,110,77,4,20,123,367,474,1.29e-19,91.6,43.64
P40557,P09103.2,3.960,101,80,4,197,280,348,448,0.016,40.0,16.83
P40557,Q29RV1.1,18.095,210,160,6,12,216,166,368,1.22e-31,126,39.05
P40557,Q29RV1.1,22.727,110,80,3,22,127,61,169,3.81e-28,116,45.45
P40557,Q29RV1.1,18.254,126,96,3,7,125,508,633,2.26e-20,94.3,36.51
P40557,Q29RV1.1,5.650,177,142,7,132,284,437,612,4.82e-06,51.2,16.38
P40557,P34329.2,16.766,167,131,4,11,173,136,298,1.46e-31,126,35.93
P40557,P34329.2,18.333,120,95,2,11,129,25,142,1.21e-30,123,38.33
P40557,P34329.2,17.188,128,98,4,13,133,490,616,4.48e-20,93.1,40.62
P40557,P34329.2,8.333,120,89,5,186,284,469,588,0.002,43.1,17.50
P40557,Q6XHI1.1,19.101,89,71,1,37,125,19,106,1.50e-31,116,40.45
P40557,Q00216.1,24.603,126,89,3,7,126,4,129,1.97e-31,122,47.62
P40557,Q00216.1,19.828,116,87,4,20,129,138,253,1.71e-26,109,41.38
P40557,Q8BXZ1.2,21.705,129,97,2,2,127,8,135,2.02e-31,124,41.86
P40557,P52232.1,19.277,83,65,1,30,110,8,90,2.22e-31,115,43.37
P40557,Q0E0I1.1,14.388,278,217,6,19,285,43,310,2.29e-31,123,29.14
P40557,P54399.1,17.266,139,110,3,1,135,6,143,2.38e-31,124,40.29
P40557,P54399.1,21.818,110,79,4,20,124,365,472,3.07e-19,90.4,44.55
P40557,P54399.1,8.416,202,162,6,96,283,257,449,0.002,43.1,26.73
P40557,Q5R875.1,16.350,263,199,5,2,245,6,266,2.67e-31,123,31.94
P40557,Q9XFH9.1,17.213,122,96,3,9,126,65,185,2.81e-31,118,40.16
P40557,P52589.1,20.339,118,87,4,24,134,41,158,4.06e-31,124,50.00
P40557,P52589.1,22.131,122,90,3,7,124,367,487,1.07e-23,103,47.54
P40557,P52589.1,3.704,162,135,4,134,274,299,460,1.89e-05,49.2,14.20
P40557,Q00248.1,25.664,113,82,2,22,132,29,141,4.81e-31,124,51.33
P40557,Q00248.1,22.556,133,94,5,9,135,350,479,1.24e-21,97.4,43.61
P40557,Q00248.1,7.325,314,226,14,18,273,132,438,1.23e-07,55.8,20.06
P40557,Q8R4U2.1,21.277,141,105,3,1,135,5,145,6.04e-31,123,41.84
P40557,Q8R4U2.1,21.818,110,78,4,20,123,367,474,1.47e-19,91.6,42.73
P40557,Q8R4U2.1,3.960,101,80,4,197,280,348,448,0.017,40.0,16.83
P40557,P22217.3,17.978,89,71,2,28,115,7,94,6.49e-31,114,41.57
P40557,P09856.2,19.130,115,88,3,16,126,77,190,6.63e-31,117,40.00
P40557,Q54EN4.1,14.932,221,181,4,16,233,35,251,7.49e-31,123,37.10
P40557,Q54EN4.1,20.472,127,93,5,7,126,361,486,1.14e-21,97.8,43.31
P40557,Q53LQ0.1,21.186,118,86,4,24,134,42,159,9.53e-31,123,49.15
P40557,Q53LQ0.1,20.492,122,92,3,7,124,369,489,9.91e-23,100,46.72
P40557,Q53LQ0.1,3.817,131,104,5,166,274,332,462,1.61e-04,46.5,12.21
P40557,P12865.1,20.000,140,111,1,4,142,1,140,9.59e-31,123,36.43
P40557,P12865.1,20.161,124,98,1,11,133,339,462,2.18e-18,88.1,38.71
P40557,P12865.1,8.904,292,194,8,55,285,157,437,4.90e-06,51.2,20.55
P40557,Q7XRB5.2,12.648,253,210,6,1,245,11,260,9.83e-31,123,33.20
P40557,Q7XRB5.2,18.125,160,123,4,7,162,362,517,1.39e-21,97.4,38.75
P40557,Q7XRB5.2,8.000,175,146,3,115,274,281,455,6.12e-04,44.6,23.43
P40557,P55059.1,22.835,127,96,2,8,132,7,133,1.23e-30,122,45.67
P40557,P55059.1,28.800,125,77,5,9,124,342,463,2.33e-21,96.6,46.40
P40557,P55059.1,7.622,328,231,13,9,273,115,433,4.91e-08,57.3,18.29
P40557,Q7XKD0.1,13.821,123,102,2,8,126,53,175,1.24e-30,116,33.33
P40557,P17967.2,26.718,131,92,3,16,142,26,156,1.51e-30,122,49.62
P40557,P17967.2,22.807,114,79,4,18,124,372,483,1.32e-19,91.6,43.86
P40557,P17967.2,6.375,251,192,11,75,285,220,467,0.017,40.0,18.33
P40557,Q8KEA4.1,17.172,99,80,1,30,126,3,101,1.55e-30,113,35.35
P40557,Q92249.2,22.314,121,88,3,26,140,24,144,1.59e-30,120,46.28
P40557,Q92249.2,15.741,216,169,5,24,226,143,358,9.99e-27,110,31.02
P40557,Q9FF55.1,15.351,228,190,3,13,238,94,320,1.62e-30,123,34.65
P40557,Q9FF55.1,16.667,120,94,3,7,122,426,543,7.13e-14,74.7,39.17
P40557,Q9FF55.1,6.989,186,150,8,122,284,345,530,0.002,43.1,17.74
P40557,Q0JD42.2,12.903,279,224,6,16,285,36,304,1.82e-30,121,26.16
P40557,Q39239.2,20.000,120,89,3,17,130,1,119,1.97e-30,113,36.67
P40557,P29448.1,18.103,116,87,4,17,126,1,114,2.39e-30,113,37.93
P40557,P04785.2,23.438,128,92,3,14,135,18,145,3.94e-30,121,44.53
P40557,P04785.2,22.727,110,77,4,20,123,367,474,5.63e-20,92.8,43.64
P40557,P04785.2,7.220,277,194,11,63,280,176,448,0.009,41.1,20.94
P40557,O17486.2,15.596,109,89,3,18,125,1,107,4.16e-30,112,37.61
P40557,Q7XQQ2.4,14.953,107,89,1,26,130,69,175,4.33e-30,114,38.32
P40557,Q43636.1,18.966,116,86,4,17,126,1,114,4.99e-30,112,37.93
P40557,O81332.1,17.500,120,94,3,11,126,73,191,5.00e-30,115,36.67
P40557,P52588.1,21.186,118,86,4,24,134,36,153,6.24e-30,120,48.31
P40557,P52588.1,22.951,122,89,3,7,124,363,483,1.76e-22,100,46.72
P40557,P52588.1,5.056,178,143,6,123,274,279,456,4.12e-04,45.0,10.67
P40557,P22803.3,15.000,100,81,3,28,125,7,104,8.31e-30,111,39.00
P40557,Q9V429.3,20.225,89,70,1,37,125,19,106,9.69e-30,111,41.57
P40557,A2YIW7.1,20.161,124,91,4,17,134,1,122,1.46e-29,111,37.10
P40557,Q4N4N8.1,14.354,209,163,3,1,195,9,215,1.76e-29,114,27.75
P40557,Q0Z7W6.1,15.814,215,175,5,1,214,10,219,1.86e-29,115,33.49
P40557,P29429.2,17.172,99,78,3,18,113,1,98,1.98e-29,110,41.41
P40557,O48897.1,16.260,123,98,3,8,126,57,178,2.10e-29,113,39.02
P40557,Q9R6P9.2,20.833,96,74,2,28,122,6,100,2.42e-29,110,41.67
P40557,Q1RQJ1.1,20.755,106,82,2,22,126,4,108,2.57e-29,110,39.62
P40557,P82460.3,20.619,97,72,3,32,125,11,105,3.24e-29,110,43.30
P40557,Q9SRG3.1,13.061,245,188,8,16,238,23,264,3.31e-29,118,31.02
P40557,Q9SRG3.1,20.155,129,99,2,7,131,357,485,2.75e-20,93.5,39.53
P40557,Q9SRG3.1,5.217,115,93,3,176,274,337,451,0.014,40.4,15.65
P40557,Q5RCH2.1,12.889,225,184,6,21,236,41,262,3.61e-29,118,28.44
P40557,Q5RCH2.1,17.391,115,87,4,23,131,389,501,8.17e-19,89.3,40.00
P40557,Q9BDJ3.3,19.802,101,76,3,28,125,7,105,3.93e-29,109,41.58
P40557,P10599.3,20.792,101,75,3,28,125,7,105,3.93e-29,109,42.57
P40557,P29451.2,19.802,101,76,3,28,125,7,105,5.18e-29,109,41.58
P40557,Q09433.1,21.569,102,75,3,29,127,15,114,5.25e-29,109,43.14
P40557,A0A8M1N5Y4.1,25.000,128,91,3,11,135,10,135,5.43e-29,117,42.19
P40557,Q17424.2,17.460,126,101,2,5,127,20,145,6.84e-29,110,34.92
P40557,O97680.3,20.619,97,72,3,32,125,11,105,6.84e-29,109,43.30
P40557,Q9UW02.1,19.192,99,77,3,30,126,9,106,7.04e-29,109,45.45
P40557,O97508.3,20.408,98,73,3,28,122,7,102,7.53e-29,109,45.92
P40557,Q07090.1,19.130,115,85,4,18,126,1,113,7.64e-29,109,36.52
P40557,Q8VBT0.1,16.810,232,186,5,1,231,8,233,7.94e-29,114,31.03
P40557,P29449.1,16.935,124,95,4,12,129,2,123,9.51e-29,109,36.29
P40557,Q8LD49.2,11.905,126,101,3,7,122,48,173,1.01e-28,111,31.75
P40557,Q13087.2,14.689,177,133,5,22,192,42,206,1.02e-28,117,30.51
P40557,Q13087.2,19.626,107,78,4,23,123,389,493,1.42e-19,91.6,41.12
P40557,P50413.2,20.619,97,72,3,32,125,11,105,1.05e-28,108,43.30
P40557,Q9XFH8.2,16.000,125,100,3,8,128,54,177,1.27e-28,110,37.60
P40557,Q94F09.1,13.946,294,234,5,1,285,11,294,1.36e-28,116,26.53
P40557,Q38879.2,16.529,121,93,4,12,126,15,133,1.88e-28,108,35.54
P40557,O14463.3,19.101,89,70,2,28,115,7,94,1.89e-28,108,44.94
P40557,O96952.1,21.000,100,75,2,28,124,7,105,2.93e-28,107,45.00
P40557,Q9DC23.2,26.271,118,86,1,18,134,125,242,3.77e-28,117,42.37
P40557,Q9DC23.2,10.891,303,223,9,14,277,445,739,5.70e-26,110,23.43
P40557,Q9DC23.2,20.168,119,89,2,25,137,673,791,8.64e-23,101,40.34
P40557,P25372.1,18.947,95,74,3,23,115,26,119,3.78e-28,108,35.79
P40557,Q9RD25.1,16.102,118,97,2,21,137,1,117,4.97e-28,107,34.75
P40557,Q498R3.2,25.424,118,87,1,18,134,125,242,5.51e-28,116,42.37
P40557,Q498R3.2,9.764,297,233,9,14,277,445,739,4.01e-26,111,23.57
P40557,Q498R3.2,28.571,77,53,1,25,99,673,749,1.23e-22,100,48.05
P40557,P08628.2,20.792,101,75,3,28,125,7,105,1.19e-27,105,42.57
P40557,Q8S091.1,18.462,130,101,3,1,126,59,187,1.19e-27,108,40.77
P40557,P34723.1,19.318,88,68,2,30,115,10,96,1.22e-27,105,39.77
P40557,Q7KQL8.1,21.000,100,76,3,28,126,7,104,1.31e-27,105,45.00
P40557,P20857.3,12.963,108,92,1,20,125,1,108,1.45e-27,105,37.96
P40557,Q8TFM8.1,19.318,88,67,3,23,106,1,88,1.58e-27,106,39.77
P40557,P10639.3,20.792,101,75,3,28,125,7,105,1.68e-27,105,42.57
P40557,Q5R5L3.1,25.000,116,86,1,18,132,125,240,1.79e-27,115,42.24
P40557,Q5R5L3.1,11.111,297,229,9,14,277,445,739,1.88e-25,108,24.24
P40557,Q5R5L3.1,21.008,119,88,2,25,137,673,791,3.52e-23,102,40.34
P40557,Q8IXB1.2,25.000,116,86,1,18,132,125,240,1.79e-27,115,42.24
P40557,Q8IXB1.2,10.774,297,230,6,14,277,445,739,1.25e-25,109,22.90
P40557,Q8IXB1.2,21.008,119,88,2,25,137,673,791,2.46e-23,102,40.34
P40557,Q50KB1.2,23.622,127,91,4,8,128,3,129,1.81e-27,109,39.37
P40557,A2YUQ6.1,12.500,128,106,3,4,125,62,189,2.33e-27,107,31.25
P40557,Q8H2V6.1,12.500,128,106,3,4,125,62,189,2.33e-27,107,31.25
P40557,Q6Z4I3.1,19.828,116,85,4,13,122,12,125,2.36e-27,106,35.34
P40557,P11232.2,20.792,101,75,3,28,125,7,105,2.69e-27,105,42.57
P40557,Q69ST6.1,13.453,223,184,6,24,238,80,301,2.80e-27,113,34.53
P40557,Q69ST6.1,20.290,138,104,4,7,140,408,543,1.29e-23,103,44.20
P40557,Q69ST6.1,5.856,222,182,7,91,285,291,512,4.18e-07,54.2,18.47
P40557,Q921X9.1,14.211,190,154,4,5,189,257,442,3.54e-27,113,27.89
P40557,Q921X9.1,15.702,121,96,4,16,130,143,263,1.46e-22,100,41.32
P40557,Q921X9.1,30.476,105,68,3,23,122,396,500,4.34e-21,95.8,52.38
P40557,Q5R9M3.3,20.588,102,75,4,28,125,7,106,3.57e-27,104,41.18
P40557,Q9TW67.1,16.901,142,114,3,37,176,21,160,4.08e-27,113,34.51
P40557,P12244.2,19.858,141,107,3,1,135,2,142,4.20e-27,113,39.72
P40557,P12244.2,22.727,110,77,4,20,123,366,473,8.20e-17,83.5,41.82
P40557,P12244.2,5.654,283,199,9,63,280,174,453,0.007,41.1,17.67
P40557,Q39241.1,18.261,115,86,4,18,126,1,113,4.98e-27,104,37.39
P40557,Q98TX1.3,20.408,98,73,3,31,125,10,105,6.56e-27,103,46.94
P40557,Q9DGI3.1,17.757,107,82,4,23,124,1,106,7.40e-27,103,39.25
P40557,O64394.3,15.789,114,88,4,19,126,15,126,7.95e-27,104,35.96
P40557,P73263.1,11.957,92,79,1,22,111,1,92,8.63e-27,103,39.13
P40557,Q14554.1,14.444,180,145,4,15,189,269,444,9.47e-27,112,28.89
P40557,Q14554.1,16.667,114,89,4,16,123,145,258,1.43e-21,97.4,41.23
P40557,Q14554.1,28.302,106,71,3,23,123,398,503,1.96e-21,97.0,50.00
P40557,Q9D1Q6.1,16.892,148,111,5,1,140,12,155,9.62e-27,110,41.22
P40557,Q6NRT6.1,25.862,116,85,1,18,132,126,241,1.03e-26,112,41.38
P40557,Q6NRT6.1,23.636,110,77,3,25,127,674,783,2.09e-23,103,40.00
P40557,Q6NRT6.1,24.074,108,73,3,22,120,557,664,1.17e-21,98.2,42.59
P40557,Q6NRT6.1,11.702,282,208,7,16,261,448,724,2.72e-21,97.0,23.76
P40557,Q6NRT6.1,7.907,215,166,9,58,244,383,593,1.16e-04,46.9,20.93
P40557,Q1RQJ0.1,15.315,111,89,4,20,126,1,110,1.06e-26,103,36.04
P40557,Q851R5.1,12.800,125,100,4,13,130,12,134,1.14e-26,104,33.60
P40557,P75512.1,22.989,87,66,1,37,123,17,102,1.16e-26,103,37.93
P40557,P42115.1,16.484,91,72,3,20,106,1,91,1.24e-26,103,37.36
P40557,Q5I0H9.1,14.444,180,145,4,15,189,267,442,1.53e-26,111,28.33
P40557,Q5I0H9.1,29.524,105,69,3,23,122,396,500,4.94e-22,98.5,52.38
P40557,Q5I0H9.1,14.912,114,91,4,16,123,143,256,2.18e-21,97.0,41.23
P40557,Q3T0L2.1,16.197,142,107,4,1,134,12,149,2.13e-26,110,42.96
P40557,Q9BS26.1,16.901,142,106,4,1,134,12,149,2.18e-26,110,42.96
P40557,P08629.2,19.192,99,75,3,30,125,9,105,2.63e-26,102,46.46
P40557,P29450.1,16.239,117,92,4,14,126,67,181,2.81e-26,104,41.03
P40557,Q5WNE3.1,14.634,164,134,3,37,200,21,178,3.14e-26,111,28.66
P40557,P52228.1,20.225,89,68,2,25,111,38,125,3.91e-26,103,43.82
P40557,D3Z6P0.1,10.915,284,218,6,8,285,31,285,4.63e-26,110,25.00
P40557,D3Z6P0.1,17.797,118,89,4,20,131,389,504,5.16e-20,92.8,39.83
P40557,D3Z6P0.1,4.211,190,159,6,115,281,288,477,0.005,41.9,16.32
P40557,P47938.1,13.830,94,80,1,34,127,15,107,5.11e-26,102,32.98
P40557,Q9USR1.1,11.688,231,185,6,22,234,1,230,6.06e-26,106,28.14
P40557,Q96419.1,18.349,109,82,3,18,120,1,108,8.50e-26,101,36.70
P40557,O13811.1,21.212,132,98,4,7,132,5,136,9.47e-26,107,42.42
P40557,O13811.1,16.185,173,134,4,22,183,140,312,7.97e-25,105,34.10
P40557,P47370.1,24.138,87,65,1,37,123,17,102,9.60e-26,100,42.53
P40557,P60226.2,12.766,94,81,1,34,127,15,107,2.02e-25,100,34.04
P40557,Q42403.1,21.239,113,81,4,18,124,1,111,2.10e-25,100,43.36
P40557,O65049.1,21.296,108,77,4,20,121,2,107,2.11e-25,100,42.59
P40557,O94504.2,18.182,88,70,2,37,124,46,131,2.38e-25,100,44.32
P40557,Q10N04.1,23.636,110,80,2,20,125,27,136,3.57e-25,100,44.55
P40557,Q9T042.1,19.745,157,107,4,17,154,136,292,4.22e-25,107,35.03
P40557,Q6JE38.1,13.178,129,106,3,1,123,51,179,4.68e-25,101,31.78
P40557,Q9SEU7.2,14.706,102,85,1,26,125,70,171,7.33e-25,100,41.18
P40557,P80028.3,14.912,114,90,3,20,127,1,113,9.29e-25,98.5,36.84
P40557,Q75GM1.1,15.517,116,90,4,20,129,18,131,1.13e-24,99.3,34.48
P40557,P85801.1,15.000,120,94,4,20,133,22,139,1.13e-24,99.3,31.67
P40557,Q6JE37.1,13.333,105,86,2,24,123,75,179,1.40e-24,100,33.33
P40557,M1A3D5.1,15.238,105,84,2,24,123,69,173,1.84e-24,99.7,32.38
P40557,Q12404.1,12.653,245,184,7,18,238,25,263,2.02e-24,103,28.98
P40557,O13704.2,19.549,133,99,3,1,125,10,142,2.24e-24,103,37.59
P40557,Q9M7X9.1,14.953,107,86,2,24,125,77,183,2.43e-24,99.7,32.71
P40557,Q9LKW0.1,15.238,105,84,2,24,123,69,173,2.53e-24,99.3,32.38
P40557,P68176.1,20.168,119,87,4,13,125,2,118,3.15e-24,97.8,42.02
P40557,C9K7C5.1,20.792,101,76,3,28,126,12,110,3.21e-24,97.4,39.60
P40557,O51088.1,16.522,115,96,0,12,126,2,116,3.25e-24,97.4,33.91
P40557,Q8GYD1.1,24.138,116,84,2,22,133,25,140,3.35e-24,98.2,41.38
P40557,O64432.1,20.168,119,87,4,13,125,2,118,4.70e-24,97.0,42.02
P40557,Q9AS75.1,16.216,111,85,4,21,125,20,128,4.96e-24,97.4,35.14
P40557,Q69SA9.1,16.518,224,167,4,14,217,133,356,5.18e-24,104,29.91
P40557,Q67IX6.1,15.271,203,158,4,20,218,71,263,8.33e-24,103,33.00
P40557,Q67IX6.1,14.925,134,105,4,7,133,399,530,8.78e-15,77.3,36.57
P40557,Q67IX6.1,8.865,282,189,11,62,278,219,497,6.45e-05,47.7,21.63
P40557,Q9XIF4.1,17.949,117,88,4,14,124,13,127,8.64e-24,96.6,35.04
P40557,P32474.1,16.667,126,99,4,4,123,13,138,1.35e-23,103,38.10
P40557,P32474.1,17.431,109,80,3,42,142,397,503,3.48e-11,66.6,36.70
P40557,Q9C9Y6.1,16.102,118,91,4,20,131,21,136,1.65e-23,96.2,33.90
P40557,Q0DKF1.1,11.712,111,90,4,21,125,21,129,2.61e-23,95.5,35.14
P40557,Q2KIL5.1,21.053,114,84,3,15,123,271,383,2.74e-23,102,39.47
P40557,Q2KIL5.1,8.013,312,226,9,16,266,147,458,1.56e-21,97.4,24.68
P40557,Q2KIL5.1,25.893,112,78,3,16,122,393,504,1.31e-19,91.6,48.21
P40557,Q69AB1.1,24.390,82,58,2,30,108,9,89,1.26e-22,93.5,48.78
P40557,P81109.2,23.810,105,77,2,24,125,1,105,2.38e-22,92.0,44.76
P40557,Q6IUU3.1,12.805,164,132,4,11,163,32,195,3.15e-22,99.7,29.88
P40557,P40557.1,60.989,182,64,3,8,183,18,198,4.18e-22,99.3,65.93
P40557,P21609.2,22.642,106,79,2,24,126,1,106,4.53e-22,91.6,42.45
P40557,H2N4I1.2,14.451,173,137,4,9,170,30,202,6.90e-22,98.5,27.75
P40557,Q9LXZ8.2,18.519,108,81,3,14,115,32,138,9.99e-22,92.0,41.67
P40557,P77395.2,14.035,114,95,1,20,130,2,115,1.07e-21,95.1,35.09
P40557,P21610.2,20.909,110,84,2,20,126,1,110,1.38e-21,90.4,43.64
P40557,P96611.1,18.627,102,79,3,28,126,6,106,1.49e-21,90.1,35.29
P40557,P29447.2,16.981,106,85,3,21,125,1,104,1.93e-21,89.7,33.96
P40557,O00391.3,14.620,171,135,4,11,170,29,199,2.04e-21,97.4,28.07
P40557,Q9LJU2.1,13.942,208,160,4,18,206,137,344,3.14e-21,96.2,28.85
P40557,Q8VWG7.1,17.978,89,71,2,38,126,292,378,4.26e-21,95.1,38.20
P40557,Q8BND5.1,15.909,132,100,4,11,131,32,163,5.05e-21,96.2,35.61
P40557,Q8LEK4.2,21.053,114,83,4,17,124,88,200,7.76e-21,91.6,31.58
P40557,Q69AB2.1,23.611,72,54,1,37,108,19,89,7.85e-21,88.9,51.39
P40557,O23166.2,13.636,132,108,4,1,126,98,229,8.09e-21,92.4,34.85
P40557,Q6AX23.1,15.603,141,104,5,7,133,22,161,1.65e-20,94.7,31.91
P40557,O08841.2,13.295,173,139,4,9,170,28,200,2.20e-20,94.3,27.75
P40557,A3KPF5.1,9.050,221,192,5,24,238,79,296,5.02e-20,92.8,27.15
P40557,A3KPF5.1,12.903,124,101,4,13,130,408,530,3.17e-06,51.5,37.10
P40557,Q7Y0D4.1,17.391,115,90,4,32,141,132,246,5.11e-20,90.1,34.78
P40557,P29445.1,16.327,98,74,4,20,113,1,94,5.85e-20,85.8,34.69
P40557,Q8JGM4.1,16.071,168,125,5,14,167,42,207,8.58e-20,92.4,27.98
P40557,O64764.1,14.844,128,100,4,3,123,66,191,1.48e-19,87.4,32.81
P40557,Q9CAS1.1,15.730,89,73,2,37,125,58,144,2.06e-19,85.8,37.08
P40557,P73920.1,10.744,121,105,2,37,154,51,171,2.41e-19,86.2,26.45
P40557,Q5UR25.1,12.632,95,76,2,39,126,251,345,2.71e-19,89.7,37.89
P40557,Q6ES52.1,16.854,89,72,2,38,126,230,316,3.19e-19,88.9,32.58
P40557,Q66GQ3.1,17.241,116,91,3,24,135,77,191,5.13e-19,90.1,42.24
P40557,Q66GQ3.1,11.765,136,112,4,7,136,401,534,3.49e-07,54.6,34.56
P40557,Q5UR29.1,23.529,102,68,5,18,113,28,125,5.47e-19,84.3,39.22
P40557,Q93VQ9.1,15.652,115,89,3,3,110,31,144,5.53e-19,84.7,33.91
P40557,Q8GXV2.1,13.636,110,87,4,22,125,40,147,8.29e-19,84.3,38.18
P40557,Q5XHX6.2,17.949,117,86,4,14,126,437,547,1.32e-18,88.9,37.61
P40557,Q3TMX7.1,15.789,114,82,4,1,100,27,140,1.63e-18,88.5,32.46
P40557,Q6ZRP7.3,18.750,128,92,5,18,133,57,184,2.76e-18,88.1,38.28
P40557,Q6P902.1,19.540,87,66,2,28,111,417,502,4.00e-18,87.4,42.53
P40557,Q54KN7.1,19.000,100,78,3,28,125,7,105,4.02e-18,80.8,40.00
P40557,Q8LCT3.2,24.731,93,63,4,17,103,98,189,4.43e-18,84.3,38.71
P40557,O76003.2,12.552,239,194,6,28,259,18,248,7.43e-18,85.4,26.36
P40557,P29446.1,19.101,89,70,2,21,108,1,88,9.53e-18,79.3,37.08
P40557,Q5TKD8.1,19.298,114,85,4,17,124,74,186,2.17e-17,82.0,32.46
P40557,Q9CQM9.1,11.715,239,196,6,28,259,20,250,2.80e-17,83.9,26.36
P40557,Q9JLZ1.2,11.715,239,196,6,28,259,20,250,2.83e-17,83.9,26.78
P40557,Q86VQ3.4,17.699,113,87,4,15,123,441,551,6.30e-17,83.9,37.17
P40557,Q58DA7.1,12.288,236,198,5,28,259,17,247,1.09e-16,82.0,28.81
P40557,Q28ID3.2,9.829,234,202,6,28,257,9,237,1.14e-16,82.0,24.79
P40557,Q1ZXE0.2,21.154,104,79,3,21,123,1,102,1.20e-16,77.0,36.54
P40557,Q5WA72.1,10.268,224,196,3,18,237,64,286,2.53e-16,82.0,28.57
P40557,Q5WA72.1,11.852,135,105,5,1,125,385,515,1.03e-06,53.1,34.07
P40557,Q6A555.2,21.053,76,59,1,30,105,12,86,5.64e-16,75.8,43.42
P40557,O22229.2,15.909,88,74,0,37,124,441,528,5.69e-16,80.8,44.32
P40557,Q70G58.2,18.182,88,72,0,37,124,427,514,5.73e-16,80.8,43.18
P40557,Q8CDN6.3,15.315,111,89,3,28,135,9,117,8.48e-16,78.9,31.53
P40557,Q920J4.3,15.315,111,89,3,28,135,9,117,9.83e-16,78.9,31.53
P40557,O43396.3,15.315,111,89,3,28,135,9,117,1.08e-15,78.5,31.53
P40557,Q8IDP4.1,13.333,90,78,0,36,125,68,157,1.12e-15,75.8,38.89
P40557,O74790.1,17.431,109,85,3,30,135,9,115,1.64e-15,77.3,41.28
P40557,Q655X0.2,12.195,123,99,4,11,126,52,172,3.13e-15,75.0,25.20
P40557,Q8LDI5.2,8.108,111,94,4,21,125,1,109,3.58e-15,73.5,26.13
P40557,Q8N807.2,13.089,191,159,5,11,196,376,564,5.61e-15,78.1,30.89
P40557,Q8N807.2,17.600,125,97,3,20,138,41,165,4.16e-04,45.0,34.40
P40557,Q5XJ54.1,20.619,97,72,3,30,123,11,105,7.88e-15,76.6,34.02
P40557,Q6DFS0.1,14.530,117,90,3,1,107,115,231,1.67e-14,75.4,34.19
P40557,Q9D710.1,12.821,117,92,3,1,107,115,231,3.43e-14,74.7,33.33
P40557,Q9FG36.3,15.254,118,95,2,13,125,93,210,3.44e-14,73.1,28.81
P40557,Q6Z7L3.2,15.254,118,94,3,12,124,76,192,3.45e-14,72.7,31.36
P40557,Q7JW12.1,16.923,130,97,4,3,121,108,237,4.38e-14,73.9,33.85
P40557,Q58E26.1,11.966,117,93,3,1,107,115,231,4.76e-14,73.9,34.19
P40557,Q9ZPH2.1,13.131,99,84,2,37,135,20,116,5.26e-14,75.0,31.31
P40557,Q7TN22.1,16.788,137,112,1,25,159,395,531,7.83e-14,75.0,35.77
P40557,Q5XIK2.1,12.821,117,92,3,1,107,115,231,7.92e-14,73.5,34.19
P40557,Q0IWL9.2,12.381,105,90,2,43,147,25,127,8.03e-14,74.7,28.57
P40557,Q86H62.1,12.903,93,76,2,28,115,7,99,8.38e-14,72.7,34.41
P40557,Q00002.2,23.750,80,54,2,9,81,223,302,8.48e-14,74.3,48.75
P40557,Q00002.2,5.882,323,236,10,13,276,1,314,8.50e-10,62.3,18.89
P40557,Q95LM0.1,13.500,200,166,5,20,214,385,582,9.06e-14,74.7,31.00
P40557,Q95LM0.1,11.053,190,162,4,20,202,41,230,2.11e-04,46.1,30.53
P40557,P87178.1,30.973,113,69,4,25,130,29,139,9.39e-14,74.7,44.25
P40557,P87178.1,18.868,106,84,2,29,133,288,392,2.73e-12,70.0,35.85
P40557,Q03835.2,16.000,100,78,3,22,115,1,100,1.18e-13,72.3,35.00
P40557,Q4R5B4.1,12.821,117,92,3,1,107,115,231,1.34e-13,72.7,34.19
P40557,Q8LCH9.1,17.333,75,59,2,37,111,42,113,1.62e-13,69.3,36.00
P40557,A0A509AQW5.1,13.333,90,78,0,36,125,68,157,2.23e-13,69.6,37.78
P40557,Q9H1E5.1,16.807,119,96,3,15,132,30,146,2.24e-13,72.7,36.97
P40557,Q9Y320.1,12.821,117,92,3,1,107,115,231,2.32e-13,72.0,33.33
P40557,Q5RF53.1,12.821,117,92,3,1,107,115,231,2.44e-13,72.0,34.19
P40557,Q2TBU2.1,11.966,117,93,3,1,107,115,231,2.71e-13,72.0,34.19
P40557,P35088.1,13.793,116,94,3,37,146,56,171,3.02e-13,70.0,31.90
P40557,P64808.1,12.308,130,110,1,8,133,29,158,3.96e-13,71.6,27.69
P40557,Q9C5C5.1,19.588,97,70,3,37,126,106,201,4.41e-13,70.0,42.27
P40557,Q8C0L0.2,18.692,107,84,3,19,124,30,134,4.88e-13,71.6,40.19
P40557,Q9ZU40.2,15.166,211,150,5,1,184,14,222,5.18e-13,72.0,32.23
P40557,O64654.1,31.343,67,45,1,37,103,116,181,7.53e-13,70.4,43.28
P40557,Q8VZT6.1,16.304,92,73,3,34,123,95,184,7.94e-13,68.9,34.78
P40557,Q6YTI3.1,21.875,96,67,3,40,128,107,201,1.37e-12,68.5,43.75
P40557,O34357.1,19.802,101,78,2,28,126,6,105,1.45e-12,65.8,37.62
P40557,O22779.1,30.952,84,51,2,18,101,99,175,1.63e-12,69.3,39.29
P40557,Q9XFI1.1,29.851,67,46,1,37,103,104,169,1.68e-12,68.9,43.28
P40557,Q6Z4N3.1,17.021,141,113,3,37,175,112,250,1.75e-12,69.3,30.50
P40557,Q6AUC6.1,18.056,144,93,6,15,133,38,181,2.36e-12,70.0,37.50
P40557,P32642.1,15.000,100,79,3,22,115,1,100,5.25e-12,67.7,35.00
P40557,Q5XI02.1,10.860,221,184,6,11,221,373,590,5.36e-12,69.3,26.70
P40557,Q5XI02.1,13.873,173,140,5,23,186,41,213,0.002,43.1,32.95
P40557,Q8W4J3.1,14.483,145,99,5,22,141,41,185,5.41e-12,69.3,34.48
P40557,Q0J9V5.1,12.000,100,81,3,22,115,12,110,8.27e-12,64.6,26.00
P40557,Q57755.1,24.691,81,57,2,45,125,9,85,8.69e-12,63.1,38.27
P40557,Q10M18.1,29.851,67,46,1,37,103,113,178,1.07e-11,66.9,46.27
P40557,O31820.1,11.009,109,72,2,39,122,60,168,1.08e-11,65.4,29.36
P40557,Q9DAN1.2,14.729,129,101,5,11,133,373,498,1.09e-11,68.1,34.11
P40557,Q9DAN1.2,14.451,173,139,5,23,186,41,213,3.45e-04,45.4,33.53
P40557,Q17688.2,14.451,173,132,4,37,193,41,213,1.52e-11,67.7,33.53
P40557,P30960.2,14.050,121,78,4,23,121,69,185,1.54e-11,65.4,33.06
P40557,Q7XSQ7.2,20.270,74,56,2,37,110,45,115,1.56e-11,63.9,33.78
P40557,Q6PKC3.2,13.768,138,112,4,4,135,672,808,5.32e-11,66.6,35.51
P40557,Q6PKC3.2,21.978,91,70,1,38,127,125,215,7.63e-09,60.0,39.56
P40557,Q6IQC7.1,12.821,117,92,3,1,107,115,231,7.25e-11,65.0,34.19
P40557,Q84P95.1,16.667,132,109,1,5,136,44,174,7.80e-11,65.0,25.76
P40557,Q9P2K2.4,17.969,128,103,1,25,150,394,521,1.22e-10,65.4,35.94
P40557,A8WG88.1,12.821,117,92,3,1,107,115,231,1.46e-10,63.9,33.33
P40557,Q5HVG7.1,13.462,104,77,4,31,122,464,566,1.73e-10,64.6,35.58
P40557,P92980.2,17.117,111,83,6,21,122,345,455,1.76e-10,64.6,37.84
P40557,P92979.2,16.529,121,92,6,11,122,342,462,2.97e-10,63.9,34.71
P40557,Q5DJV7.1,13.986,143,110,4,2,135,43,181,3.87e-10,62.3,26.57
P40557,Q9JYM0.1,14.286,98,69,4,38,124,507,600,4.20e-10,63.5,31.63
P40557,Q9JTL9.2,14.286,98,69,4,38,124,507,600,4.20e-10,63.5,31.63
P40557,Q81FU5.1,13.158,114,75,3,34,123,57,170,4.78e-10,60.8,33.33
P40557,Q9MAH1.1,22.973,74,55,2,53,126,628,699,5.01e-10,63.5,40.54
P40557,Q84NN4.1,12.613,111,87,3,22,122,184,294,5.50e-10,62.3,30.63
P40557,Q18484.1,16.239,117,88,3,1,107,104,220,6.34e-10,61.9,34.19
P40557,A0RBT0.1,13.158,114,75,3,34,123,57,170,6.94e-10,60.4,33.33
P40557,A0A1L1SUL6.1,13.978,93,77,3,23,113,11,102,7.27e-10,62.3,30.11
P40557,P68569.1,20.652,92,67,2,37,124,45,134,1.42e-09,58.5,33.70
P40557,Q9SGS4.1,16.346,104,81,2,22,122,194,294,1.71e-09,60.8,30.77
P40557,Q6HL81.1,12.281,114,76,3,34,123,57,170,1.85e-09,58.9,33.33
P40557,Q73B22.1,12.281,114,76,3,34,123,57,170,1.87e-09,58.9,33.33
P40557,P45409.1,10.256,156,106,5,3,130,37,186,1.88e-09,59.2,22.44
P40557,Q8CXF3.1,11.382,123,84,4,26,123,64,186,2.04e-09,59.2,30.89
P40557,Q9KCJ4.1,16.197,142,93,5,7,122,29,170,2.42e-09,58.9,29.58
P40557,A4FUW8.1,13.534,133,108,4,4,130,644,775,2.49e-09,61.2,36.09
P40557,A4FUW8.1,21.978,91,70,1,38,127,124,214,7.58e-09,60.0,39.56
P40557,Q5BJT4.1,15.556,135,106,3,31,164,184,311,2.88e-09,60.4,30.37
P40557,P92981.2,15.574,122,94,6,10,122,330,451,2.88e-09,60.8,35.25
P40557,Q98PL5.1,21.649,97,70,2,33,123,10,106,3.35e-09,56.9,41.24
P40557,P86235.1,6.468,201,178,4,80,274,5,201,3.38e-09,58.9,22.39
P40557,Q9SA00.1,15.315,111,93,1,39,149,82,191,3.90e-09,60.0,27.93
P40557,Q65HX8.1,13.274,113,74,3,34,122,57,169,4.12e-09,58.1,30.09
P40557,Q0IHI1.1,15.172,145,113,4,23,164,173,310,4.31e-09,60.0,29.66
P40557,Q54NX2.1,24.038,104,66,4,28,123,19,117,4.43e-09,56.9,39.42
P40557,Q8K2W3.1,12.857,140,115,5,4,137,641,779,4.84e-09,60.4,36.43
P40557,Q8K2W3.1,21.978,91,70,1,38,127,121,211,8.67e-09,59.6,39.56
P40557,Q96J42.1,16.667,138,111,3,31,165,201,337,5.05e-09,59.6,31.88
P40557,Q9ZPE9.2,19.469,113,83,4,45,153,81,189,5.53e-09,59.2,33.63
P40557,Q86XW9.1,12.397,121,102,4,14,132,2,120,6.24e-09,59.2,28.10
P40557,Q6P6J9.1,14.815,135,107,3,31,164,185,312,6.70e-09,59.2,30.37
P40557,Q71A37.1,14.286,119,100,2,22,139,46,163,8.75e-09,57.3,29.41
P40557,P35160.2,10.067,149,102,5,3,122,25,170,1.05e-08,56.9,22.82
P40557,Q39592.1,12.598,127,102,4,28,149,14,136,1.09e-08,56.5,29.92
P40557,Q63DQ8.1,13.158,114,75,3,34,123,57,170,1.19e-08,56.9,35.09
P40557,Q44856.1,16.346,104,84,2,24,125,16,118,1.76e-08,55.0,34.62
P40557,A5UI29.1,15.789,114,76,6,28,125,470,579,1.92e-08,58.5,32.46
P40557,Q5ZKZ4.1,11.667,240,197,5,24,254,146,379,2.26e-08,58.5,23.75
P40557,A4IQF5.1,12.844,109,71,3,39,123,63,171,3.09e-08,55.8,24.77
P40557,Q5KXL9.1,12.844,109,71,3,39,123,63,171,3.19e-08,55.4,26.61
P40557,Q2QP53.1,17.500,120,94,4,13,129,51,168,3.83e-08,56.9,30.83
P40557,Q6IRC5.1,13.223,121,103,2,14,133,2,121,4.06e-08,57.3,27.27
P40557,Q39591.1,11.650,103,85,4,28,126,9,109,4.39e-08,54.2,33.01
P40557,P43787.1,12.000,100,68,2,31,110,50,149,5.73e-08,54.6,29.00
P40557,O34342.1,14.925,67,50,2,50,115,11,71,6.15e-08,52.3,31.34
P40557,A5UDI9.1,16.071,112,74,6,28,123,470,577,6.73e-08,56.9,33.04
P40557,Q6D9J6.1,14.925,134,95,6,7,125,447,576,8.06e-08,56.5,26.12
P40557,Q4QM23.1,16.071,112,74,6,28,123,470,577,9.51e-08,56.2,33.04
P40557,P44919.1,15.789,114,76,6,28,125,470,579,9.68e-08,56.2,32.46
P40557,Q9CQ79.1,14.953,107,90,1,29,135,80,185,1.04e-07,55.0,27.10
P40557,Q5WGY8.1,16.535,127,82,3,23,125,48,174,1.09e-07,54.2,30.71
P40557,Q8N427.2,18.293,82,65,2,32,111,20,101,1.18e-07,56.2,35.37
P40557,Q9P4X1.4,15.000,200,153,3,50,240,209,400,1.23e-07,56.2,27.50
P40557,Q67VZ8.1,15.079,126,106,1,10,135,44,168,1.36e-07,55.0,26.98
P40557,Q84M47.1,13.793,145,115,4,43,186,82,217,1.60e-07,55.0,27.59
P40557,Q5FVM7.1,10.833,240,199,5,24,254,147,380,1.65e-07,55.8,23.33
P40557,Q93YX4.1,13.514,111,91,2,25,131,57,166,1.83e-07,55.0,28.83
P40557,O32171.1,17.476,103,83,2,24,126,1,101,1.93e-07,51.9,36.89
P40557,Q5RCM7.1,15.764,203,163,4,24,225,150,345,2.02e-07,55.4,29.06
P40557,Q87KW0.1,14.516,124,89,5,14,124,494,613,2.91e-07,55.0,30.65
P40557,Q7MZX2.1,12.621,103,73,5,37,126,477,575,3.17e-07,54.6,26.21
P40557,Q4VWQ3.1,15.385,65,53,1,37,101,86,148,3.21e-07,52.7,30.77
P40557,Q99316.1,32.468,77,42,3,37,105,43,117,4.03e-07,53.5,45.45
P40557,Q8XV41.1,10.236,127,106,3,13,131,479,605,4.09e-07,54.2,25.98
P40557,A7MMC7.1,12.308,130,94,6,12,125,448,573,4.43e-07,54.2,24.62
P40557,O14530.2,15.238,105,88,1,29,133,80,183,4.48e-07,53.1,28.57
P40557,Q9Y2G8.3,15.764,203,163,4,24,225,150,345,4.64e-07,54.2,29.06
P40557,Q7ZV50.1,12.568,183,137,7,7,168,29,209,5.64e-07,53.5,24.04
P40557,A3N207.1,13.542,96,74,4,37,123,487,582,7.52e-07,53.5,32.29
P40557,Q9CP40.1,13.542,96,72,6,38,123,473,567,7.91e-07,53.5,37.50
P40557,Q8Z1A8.1,11.852,135,100,7,3,124,437,565,1.03e-06,53.1,25.93
P40557,Q8ZKC3.1,13.333,135,98,7,3,124,437,565,1.04e-06,53.1,24.44
P40557,Q5PIQ0.1,12.593,135,99,7,3,124,437,565,1.17e-06,53.1,24.44
P40557,P81110.1,36.364,44,26,1,24,65,1,44,1.23e-06,47.7,59.09
P40557,O31687.1,16.514,109,64,3,42,123,57,165,1.29e-06,50.8,29.36
P40557,Q8K581.2,14.953,107,90,1,29,135,80,185,1.30e-06,51.5,26.17
P40557,P52236.2,10.687,131,86,4,10,116,40,163,1.44e-06,50.8,24.43
P40557,A6TH46.1,14.876,121,84,7,16,123,481,595,1.71e-06,52.7,29.75
P40557,O55772.1,19.626,107,80,2,29,130,26,131,1.71e-06,50.8,32.71
P40557,P36893.1,8.844,147,110,4,1,126,29,172,1.87e-06,50.4,29.25
P40557,Q80TN4.2,10.833,240,199,6,24,254,148,381,1.87e-06,52.3,24.17
P40557,Q5QVU3.1,13.131,99,77,4,37,126,469,567,2.35e-06,51.9,27.27
P40557,Q7VMZ4.1,14.815,135,99,7,2,123,441,572,2.67e-06,51.9,30.37
P40557,O26898.3,20.988,81,60,2,45,125,8,84,2.91e-06,47.7,39.51
P40557,Q3YUK4.1,14.159,113,77,7,28,124,455,563,3.18e-06,51.5,27.43
P40557,O18883.2,15.842,101,84,1,29,129,80,179,3.58e-06,50.4,28.71
P40557,Q9KNN1.1,13.793,87,61,4,22,98,487,569,3.86e-06,51.5,34.48
P40557,Q8TFH3.1,11.340,194,145,6,1,175,6,191,4.22e-06,50.8,28.35
P40557,P58162.1,14.159,113,77,7,28,124,455,563,4.73e-06,51.2,27.43
P40557,P36655.4,14.159,113,77,7,28,124,455,563,4.73e-06,51.2,27.43
P40557,Q328D2.1,14.159,113,77,7,28,124,455,563,4.73e-06,51.2,27.43
P40557,Q0SXE3.1,14.159,113,77,7,28,124,455,563,4.73e-06,51.2,27.43
P40557,Q0T9Q5.1,14.159,113,77,7,28,124,455,563,4.73e-06,51.2,27.43
P40557,A1JIN7.1,15.625,96,68,6,39,123,482,575,5.17e-06,51.2,32.29
P40557,Q57GQ5.1,12.593,135,99,7,3,124,437,565,5.47e-06,50.8,24.44
P40557,Q8CVH5.1,14.159,113,77,7,28,124,455,563,5.82e-06,50.8,27.43
P40557,Q32L57.1,14.865,148,104,5,7,133,48,194,6.19e-06,50.4,28.38
P40557,Q8DCZ0.1,16.092,87,57,4,23,98,481,562,7.83e-06,50.4,33.33
P40557,Q7MGV6.1,16.092,87,57,4,23,98,486,567,7.85e-06,50.4,33.33
P40557,P52237.1,11.864,118,79,6,33,125,56,173,8.51e-06,48.5,31.36
P40557,Q31T72.1,14.141,99,68,6,39,124,469,563,9.21e-06,50.4,29.29
P40557,Q6Z4A7.1,20.000,115,81,4,20,123,359,473,9.27e-06,50.0,35.65
P40557,Q5ZJ06.1,12.162,148,108,6,7,133,29,175,9.80e-06,49.6,27.03
P40557,Q9SIN1.2,22.034,59,45,1,53,111,620,677,1.12e-05,50.0,38.98
P40557,Q84JR9.1,21.053,57,44,1,55,111,613,668,1.22e-05,50.0,40.35
P40557,Q9H0U3.1,11.565,147,110,4,7,133,36,182,1.36e-05,49.2,27.21
P40557,Q715T0.1,11.483,209,177,4,32,233,20,227,1.40e-05,49.6,26.79
P40557,A4TRR6.1,13.462,104,71,5,37,126,494,592,1.54e-05,49.6,25.96
P40557,Q5RE31.1,12.977,131,94,4,23,133,52,182,1.59e-05,49.2,26.72
P40557,O35777.2,11.969,259,193,9,23,258,52,298,1.66e-05,49.2,25.10
P40557,Q63ZR0.1,12.281,171,127,7,19,168,42,210,1.96e-05,48.8,23.39
P40557,Q9CQY5.1,12.838,148,107,5,7,133,36,182,2.28e-05,48.5,28.38
P40557,P42035.2,22.222,81,59,2,45,125,8,84,2.49e-05,45.4,38.27
P40557,Q487R3.1,16.484,91,69,1,16,99,488,578,2.78e-05,48.8,31.87
P40557,P90666.1,17.949,117,94,2,27,142,15,130,2.97e-05,48.8,33.33
P40557,Q66FE1.1,13.462,104,71,5,37,126,494,592,2.99e-05,48.8,25.96
P40557,F4IXE4.2,15.702,121,98,4,6,124,610,728,4.83e-05,48.1,36.36
P40557,Q95YJ5.1,8.614,267,206,6,28,264,15,273,6.02e-05,47.7,22.47
P40557,Q15ZS2.1,12.844,109,71,8,30,119,483,586,6.33e-05,47.7,34.86


