Target Name	Target Accession	Target Length	Query Name	Query Accession	Query Length	E-value	Score	Bias	Domain Index	Domain Count	Cond. E-value	Domain Ind. E-value	Domain Bit-score	Domain Bias	Query Ali. Start	Query Ali. End	Target Ali. Start	Target Ali. End	Target Env. Start	Target Env. End	Acc	Description	Mapped PDB(s)	Number of Identical Sequences
P13667	P13667	645	clustalo-3	-	478	1.3e-187	629.8	11.9	1	2	3.4e-45	2.9e-42	150.428604125977	0.22	18	137	59	175	51	178	0.95	Protein disulfide-isomerase A4		0
P13667	P13667	645	clustalo-3	-	478	1.3e-187	629.8	11.9	2	2	1.9e-146	1.6e-143	484.335906982422	6.67	17	467	173	643	171	645	0.90	Protein disulfide-isomerase A4		0
P08003	P08003	638	clustalo-3	-	478	8.5e-187	627.0	11.8	1	2	3.7e-45	3.0e-42	150.340469360352	0.26	17	137	51	168	18	171	0.94	Protein disulfide-isomerase A4		0
P08003	P08003	638	clustalo-3	-	478	8.5e-187	627.0	11.8	2	2	8.1e-146	6.7e-143	482.260894775391	6.41	16	468	165	637	160	638	0.89	Protein disulfide-isomerase A4		0
P38659	P38659	643	clustalo-3	-	478	1.0e-184	620.1	11.7	1	2	1.6e-45	1.3e-42	151.516448974609	0.38	18	137	57	173	48	176	0.95	Protein disulfide-isomerase A4		0
P38659	P38659	643	clustalo-3	-	478	1.0e-184	620.1	11.7	2	2	1.6e-143	1.3e-140	474.722839355469	5.64	16	468	170	642	165	643	0.90	Protein disulfide-isomerase A4		0
Q29RV1	Q29RV1	643	clustalo-3	-	478	6.6e-184	617.5	14.5	1	2	7.5e-47	6.2e-44	155.914001464844	0.28	18	136	58	173	49	176	0.95	Protein disulfide-isomerase A4		0
Q29RV1	Q29RV1	643	clustalo-3	-	478	6.6e-184	617.5	14.5	2	2	4.3e-141	3.6e-138	466.678680419922	9.00	17	467	172	641	170	643	0.89	Protein disulfide-isomerase A4		0
P34329	P34329	618	clustalo-3	-	478	1.5e-173	583.3	19.3	1	2	1.5e-44	1.2e-41	148.319793701172	0.12	8	138	14	146	4	148	0.86	Probable protein disulfide-isomerase A4		0
P34329	P34329	618	clustalo-3	-	478	1.5e-173	583.3	19.3	2	2	6.6e-133	5.5e-130	439.681121826172	15.03	16	468	142	617	139	618	0.87	Probable protein disulfide-isomerase A4		0
P07237	P07237	508	clustalo-3	-	478	6.4e-164	551.6	6.7	1	1	8.5e-167	7.0e-164	551.450378417969	6.70	6	477	5	507	1	508	0.92	Protein disulfide-isomerase		0
Q5R5B6	Q5R5B6	508	clustalo-3	-	478	3.1e-163	549.3	6.2	1	1	4.2e-166	3.5e-163	549.165283203125	6.24	6	477	5	507	1	508	0.92	Protein disulfide-isomerase		0
P09103	P09103	509	clustalo-3	-	478	4.1e-163	548.9	6.9	1	1	5.5e-166	4.5e-163	548.784606933594	6.89	6	477	5	508	1	509	0.91	Protein disulfide-isomerase		0
Q2HWU2	Q2HWU2	510	clustalo-3	-	478	1.1e-162	547.5	5.4	1	1	1.5e-165	1.2e-162	547.379211425781	5.45	6	477	5	509	1	510	0.92	Protein disulfide-isomerase		0
P04785	P04785	509	clustalo-3	-	478	1.7e-162	546.9	7.8	1	1	2.2e-165	1.9e-162	546.7578125	7.78	6	477	5	508	1	509	0.91	Protein disulfide-isomerase		0
P05307	P05307	510	clustalo-3	-	478	2.8e-162	546.2	6.9	1	1	3.7e-165	3.0e-162	546.054382324219	6.93	6	477	5	509	1	510	0.91	Protein disulfide-isomerase		0
Q8R4U2	Q8R4U2	509	clustalo-3	-	478	1.7e-161	543.6	7.3	1	1	2.3e-164	1.9e-161	543.427124023438	7.28	6	477	5	508	1	509	0.91	Protein disulfide-isomerase		0
P21195	P21195	509	clustalo-3	-	478	8.5e-161	541.3	3.3	1	1	1.1e-163	9.3e-161	541.162353515625	3.26	9	474	8	497	1	509	0.91	Protein disulfide-isomerase		0
P09102	P09102	515	clustalo-3	-	478	6.6e-159	535.0	3.4	1	1	9.4e-162	7.8e-159	534.820922851562	3.45	13	474	14	511	2	515	0.90	Protein disulfide-isomerase		0
Q9XI01	Q9XI01	501	clustalo-3	-	478	3.0e-152	513.1	9.6	1	1	4.4e-155	3.6e-152	512.824035644531	9.64	13	478	13	501	2	501	0.92	Protein disulfide isomerase-like 1-1		0
P29828	P29828	512	clustalo-3	-	478	3.5e-151	509.6	11.9	1	1	5.0e-154	4.2e-151	509.329895019531	11.91	10	474	13	508	4	512	0.90	Protein disulfide-isomerase		0
Q43116	Q43116	498	clustalo-3	-	478	2.0e-149	503.8	5.2	1	1	2.9e-152	2.4e-149	503.544494628906	5.17	13	469	18	493	6	498	0.92	Protein disulfide-isomerase		0
Q17770	Q17770	493	clustalo-3	-	478	2.6e-149	503.4	8.4	1	1	3.5e-152	2.9e-149	503.266967773438	8.42	6	473	5	484	1	493	0.90	Protein disulfide-isomerase 2		0
Q53LQ0	Q53LQ0	512	clustalo-3	-	478	1.3e-148	501.1	8.7	1	1	1.9e-151	1.5e-148	500.863525390625	8.74	14	478	28	512	4	512	0.90	Protein disulfide isomerase-like 1-1		0
Q9SRG3	Q9SRG3	508	clustalo-3	-	478	1.7e-148	500.7	12.0	1	1	2.5e-151	2.1e-148	500.437469482422	12.02	7	477	13	507	4	508	0.91	Protein disulfide isomerase-like 1-2		0
P52588	P52588	513	clustalo-3	-	478	1.6e-147	497.5	3.8	1	1	2.2e-150	1.8e-147	497.344635009766	3.78	11	477	11	512	1	513	0.90	Protein disulfide-isomerase		0
P80284	P80284	513	clustalo-3	-	478	2.6e-147	496.8	4.3	1	1	3.8e-150	3.1e-147	496.547821044922	4.32	13	477	17	512	4	513	0.90	Protein disulfide-isomerase		0
P52589	P52589	515	clustalo-3	-	478	2.8e-146	493.4	6.6	1	1	4.1e-149	3.4e-146	493.145202636719	6.56	13	477	18	514	4	515	0.89	Protein disulfide-isomerase		0
Q9XF61	Q9XF61	507	clustalo-3	-	478	4.7e-146	492.7	8.8	1	1	6.2e-149	5.1e-146	492.552001953125	8.78	9	471	8	496	1	507	0.91	Protein disulfide-isomerase		0
P54399	P54399	496	clustalo-3	-	478	9.6e-146	491.6	15.9	1	1	1.3e-148	1.1e-145	491.497375488281	15.90	8	478	5	496	1	496	0.90	Protein disulfide-isomerase		0
P38657	P38657	505	clustalo-3	-	478	9.7e-145	488.3	2.2	1	1	1.3e-147	1.1e-144	488.200592041016	2.24	8	473	12	499	1	505	0.87	Protein disulfide-isomerase A3		0
P27773	P27773	505	clustalo-3	-	478	1.3e-144	487.9	2.1	1	1	1.7e-147	1.5e-144	487.758819580078	2.09	11	473	14	499	1	505	0.88	Protein disulfide-isomerase A3		0
Q4VIT4	Q4VIT4	505	clustalo-3	-	478	1.6e-144	487.6	1.4	1	1	2.1e-147	1.7e-144	487.511657714844	1.39	13	473	13	499	1	505	0.86	Protein disulfide-isomerase A3		0
Q5RDG4	Q5RDG4	505	clustalo-3	-	478	2.5e-144	487.0	1.1	1	1	3.3e-147	2.7e-144	486.861328125	1.12	13	473	13	499	1	505	0.86	Protein disulfide-isomerase A3		0
P30101	P30101	505	clustalo-3	-	478	2.5e-144	487.0	1.1	1	1	3.3e-147	2.7e-144	486.861328125	1.12	13	473	13	499	1	505	0.86	Protein disulfide-isomerase A3		0
Q8JG64	Q8JG64	505	clustalo-3	-	478	8.5e-144	485.2	2.1	1	1	1.2e-146	1.0e-143	484.952453613281	2.10	10	474	10	501	2	505	0.86	Protein disulfide-isomerase A3		0
Q00248	Q00248	515	clustalo-3	-	478	2.6e-143	483.6	7.4	1	1	3.4e-146	2.8e-143	483.504089355469	7.41	8	474	8	497	1	515	0.91	Protein disulfide-isomerase		0
D4B2L8	D4B2L8	523	clustalo-3	-	478	4.6e-143	482.8	11.5	1	1	6.4e-146	5.3e-143	482.607543945312	11.49	7	471	15	486	3	523	0.90	Protein disulfide-isomerase		0
P11598	P11598	505	clustalo-3	-	478	1.3e-142	481.3	1.2	1	1	2.0e-145	1.6e-142	480.996154785156	1.20	13	473	16	499	2	505	0.87	Protein disulfide-isomerase A3		0
Q12730	Q12730	515	clustalo-3	-	478	4.7e-142	479.5	4.5	1	1	6.1e-145	5.1e-142	479.369415283203	4.50	6	474	6	499	1	515	0.91	Protein disulfide-isomerase		0
P55059	P55059	505	clustalo-3	-	478	3.8e-141	476.5	14.7	1	1	5.0e-144	4.2e-141	476.359619140625	14.72	14	474	13	495	1	505	0.90	Protein disulfide-isomerase		0
Q10057	Q10057	492	clustalo-3	-	478	4.3e-137	463.1	5.4	1	1	5.7e-140	4.7e-137	462.994415283203	5.43	10	469	9	473	1	492	0.90	Putative protein disulfide-isomerase C1F5.02		0
Q54EN4	Q54EN4	513	clustalo-3	-	478	7.2e-136	459.1	15.5	1	1	1.0e-138	8.6e-136	458.828796386719	15.46	14	477	27	512	3	513	0.90	Protein disulfide-isomerase 2		0
Q7XRB5	Q7XRB5	517	clustalo-3	-	478	3.9e-135	456.7	0.0	1	1	5.6e-138	4.6e-135	456.425811767578	0.02	10	477	17	516	2	517	0.88	Protein disulfide isomerase-like 1-2		0
Q69ST6	Q69ST6	545	clustalo-3	-	478	4.7e-135	456.4	0.0	1	1	7.0e-138	5.8e-135	456.099609375	0.00	9	478	64	545	51	545	0.89	Protein disulfide isomerase-like 1-3		0
Q67IX6	Q67IX6	563	clustalo-3	-	478	6.0e-133	449.5	2.8	1	1	8.6e-136	7.1e-133	449.201171875	2.76	16	469	68	534	58	563	0.91	Protein disulfide isomerase-like 1-4		0
Q9FF55	Q9FF55	597	clustalo-3	-	478	4.0e-131	443.4	10.1	1	1	5.9e-134	4.9e-131	443.135711669922	10.13	19	469	101	561	86	597	0.90	Protein disulfide isomerase-like 1-4		0
Q17967	Q17967	485	clustalo-3	-	478	1.5e-130	441.5	11.0	1	1	2.0e-133	1.7e-130	441.37841796875	11.05	10	471	9	481	1	485	0.89	Protein disulfide-isomerase 1		0
D3Z6P0	D3Z6P0	527	clustalo-3	-	478	2.1e-130	441.1	0.0	1	1	2.9e-133	2.4e-130	440.855682373047	0.01	14	469	37	509	6	527	0.90	Protein disulfide-isomerase A2		0
Q13087	Q13087	525	clustalo-3	-	478	3.6e-130	440.3	0.0	1	1	4.9e-133	4.1e-130	440.119720458984	0.00	14	467	28	503	2	525	0.89	Protein disulfide-isomerase A2		0
Q5RCH2	Q5RCH2	525	clustalo-3	-	478	7.5e-130	439.2	0.0	1	1	1.0e-132	8.7e-130	439.024932861328	0.00	14	466	30	502	4	525	0.89	Protein disulfide-isomerase A2		0
P38658	P38658	484	clustalo-3	-	478	3.7e-128	433.6	2.8	1	1	4.9e-131	4.1e-128	433.509796142578	2.80	8	468	4	475	1	484	0.86	Probable protein disulfide-isomerase ER-60		0
Q9DC23	Q9DC23	793	clustalo-3	-	478	1.3e-126	428.6	8.4	1	4	2.2e-31	1.9e-28	104.870552062988	0.00	19	144	127	250	114	277	0.87	DnaJ homolog subfamily C member 10		0
Q9DC23	Q9DC23	793	clustalo-3	-	478	1.3e-126	428.6	8.4	2	4	1.9e-41	1.6e-38	138.110107421875	0.01	14	149	445	572	434	575	0.91	DnaJ homolog subfamily C member 10		0
Q9DC23	Q9DC23	793	clustalo-3	-	478	1.3e-126	428.6	8.4	3	4	4.9e-24	4.0e-21	80.6825790405273	0.23	37	116	575	653	573	673	0.90	DnaJ homolog subfamily C member 10		0
Q9DC23	Q9DC23	793	clustalo-3	-	478	1.3e-126	428.6	8.4	4	4	2.8e-29	2.3e-26	97.9839477539062	0.63	24	126	673	775	667	792	0.87	DnaJ homolog subfamily C member 10		0
Q8IXB1	Q8IXB1	793	clustalo-3	-	478	1.7e-126	428.2	5.3	1	5	2.2e-29	1.8e-26	98.3225631713867	0.00	19	145	127	248	115	266	0.91	DnaJ homolog subfamily C member 10		0
Q8IXB1	Q8IXB1	793	clustalo-3	-	478	1.7e-126	428.2	5.3	2	5	0.00064	0.53	14.3321924209595	0.01	58	137	382	458	381	460	0.92	DnaJ homolog subfamily C member 10		0
Q8IXB1	Q8IXB1	793	clustalo-3	-	478	1.7e-126	428.2	5.3	3	5	3.0e-41	2.5e-38	137.434463500977	0.01	14	149	445	572	434	576	0.91	DnaJ homolog subfamily C member 10		0
Q8IXB1	Q8IXB1	793	clustalo-3	-	478	1.7e-126	428.2	5.3	4	5	4.2e-24	3.5e-21	80.8767013549805	0.41	37	115	575	652	572	663	0.91	DnaJ homolog subfamily C member 10		0
Q8IXB1	Q8IXB1	793	clustalo-3	-	478	1.7e-126	428.2	5.3	5	5	3.6e-30	3.0e-27	100.891189575195	0.22	22	130	671	779	666	790	0.84	DnaJ homolog subfamily C member 10		0
Q5R5L3	Q5R5L3	793	clustalo-3	-	478	2.1e-126	427.9	5.6	1	5	2.2e-29	1.8e-26	98.3225631713867	0.00	19	145	127	248	115	266	0.91	DnaJ homolog subfamily C member 10		0
Q5R5L3	Q5R5L3	793	clustalo-3	-	478	2.1e-126	427.9	5.6	2	5	0.018	15	9.55401039123535	0.01	58	127	382	448	381	450	0.86	DnaJ homolog subfamily C member 10		0
Q5R5L3	Q5R5L3	793	clustalo-3	-	478	2.1e-126	427.9	5.6	3	5	3.0e-41	2.5e-38	137.434524536133	0.01	14	149	445	572	434	576	0.91	DnaJ homolog subfamily C member 10		0
Q5R5L3	Q5R5L3	793	clustalo-3	-	478	2.1e-126	427.9	5.6	4	5	1.7e-24	1.4e-21	82.1928634643555	0.40	37	115	575	652	572	663	0.92	DnaJ homolog subfamily C member 10		0
Q5R5L3	Q5R5L3	793	clustalo-3	-	478	2.1e-126	427.9	5.6	5	5	9.4e-30	7.8e-27	99.5278167724609	0.28	24	130	673	779	668	790	0.86	DnaJ homolog subfamily C member 10		0
Q6NRT6	Q6NRT6	796	clustalo-3	-	478	6.7e-126	426.2	0.2	1	5	2.7e-29	2.2e-26	98.0342254638672	0.00	20	148	129	251	115	276	0.88	DnaJ homolog subfamily C member 10		0
Q6NRT6	Q6NRT6	796	clustalo-3	-	478	6.7e-126	426.2	0.2	2	5	0.014	12	9.89030265808105	0.01	58	130	383	452	381	454	0.89	DnaJ homolog subfamily C member 10		0
Q6NRT6	Q6NRT6	796	clustalo-3	-	478	6.7e-126	426.2	0.2	3	5	2.1e-39	1.7e-36	131.35661315918	0.00	14	149	446	573	436	576	0.92	DnaJ homolog subfamily C member 10		0
Q6NRT6	Q6NRT6	796	clustalo-3	-	478	6.7e-126	426.2	0.2	4	5	3.5e-24	2.9e-21	81.1709976196289	0.04	37	127	576	666	574	673	0.86	DnaJ homolog subfamily C member 10		0
Q6NRT6	Q6NRT6	796	clustalo-3	-	478	6.7e-126	426.2	0.2	5	5	1.2e-29	1.0e-26	99.1599426269531	0.35	26	132	676	783	670	796	0.67	DnaJ homolog subfamily C member 10		0
Q8VX13	Q8VX13	579	clustalo-3	-	478	7.1e-126	426.1	3.9	1	1	1.1e-128	9.3e-126	425.739105224609	3.90	18	469	96	556	88	579	0.88	Protein disulfide isomerase-like 1-3		0
Q498R3	Q498R3	793	clustalo-3	-	478	2.9e-125	424.1	6.3	1	4	3.6e-31	3.0e-28	104.21159362793	0.01	19	143	127	249	114	309	0.87	DnaJ homolog subfamily C member 10		0
Q498R3	Q498R3	793	clustalo-3	-	478	2.9e-125	424.1	6.3	2	4	2.0e-41	1.6e-38	138.046096801758	0.02	14	149	445	572	419	576	0.91	DnaJ homolog subfamily C member 10		0
Q498R3	Q498R3	793	clustalo-3	-	478	2.9e-125	424.1	6.3	3	4	9.3e-24	7.8e-21	79.7474212646484	0.16	37	116	575	653	573	672	0.90	DnaJ homolog subfamily C member 10		0
Q498R3	Q498R3	793	clustalo-3	-	478	2.9e-125	424.1	6.3	4	4	9.8e-29	8.1e-26	96.1668548583984	0.42	24	108	673	755	667	791	0.86	DnaJ homolog subfamily C member 10		0
P17967	P17967	522	clustalo-3	-	478	3.0e-118	401.0	4.5	1	1	1.0e-120	8.6e-118	399.466033935547	4.53	6	474	14	504	7	522	0.87	Protein disulfide-isomerase		0
Q91W90	Q91W90	417	clustalo-3	-	478	3.2e-115	391.0	0.6	1	3	3.8e-38	3.1e-35	127.209922790527	0.05	13	140	25	164	12	178	0.83	Thioredoxin domain-containing protein 5		0
Q91W90	Q91W90	417	clustalo-3	-	478	3.2e-115	391.0	0.6	2	3	1.7e-39	1.4e-36	131.657196044922	0.04	24	139	178	289	169	299	0.90	Thioredoxin domain-containing protein 5		0
Q91W90	Q91W90	417	clustalo-3	-	478	3.2e-115	391.0	0.6	3	3	6.4e-39	5.3e-36	129.76481628418	0.02	15	132	301	415	288	417	0.89	Thioredoxin domain-containing protein 5		0
Q8NBS9	Q8NBS9	432	clustalo-3	-	478	2.3e-113	384.9	0.5	1	3	6.6e-38	5.4e-35	126.423156738281	0.05	15	139	55	177	20	183	0.86	Thioredoxin domain-containing protein 5		0
Q8NBS9	Q8NBS9	432	clustalo-3	-	478	2.3e-113	384.9	0.5	2	3	4.0e-38	3.3e-35	127.121879577637	0.02	24	132	192	296	183	307	0.90	Thioredoxin domain-containing protein 5		0
Q8NBS9	Q8NBS9	432	clustalo-3	-	478	2.3e-113	384.9	0.5	3	3	1.7e-38	1.4e-35	128.348648071289	0.02	14	132	314	430	301	432	0.88	Thioredoxin domain-containing protein 5		0
P12865	P12865	497	clustalo-3	-	478	9.9e-110	372.9	7.3	1	1	1.4e-112	1.2e-109	372.622436523438	7.34	11	469	9	468	1	490	0.87	Bloodstream-specific protein 2		0
Q9VYV3	Q9VYV3	416	clustalo-3	-	478	1.1e-108	369.5	6.9	1	3	1.9e-40	1.6e-37	134.799743652344	0.05	13	135	20	149	5	164	0.87	Thioredoxin domain-containing protein 5 homolog		0
Q9VYV3	Q9VYV3	416	clustalo-3	-	478	1.1e-108	369.5	6.9	2	3	1.1e-35	9.2e-33	119.066596984863	0.41	22	136	167	277	164	303	0.86	Thioredoxin domain-containing protein 5 homolog		0
Q9VYV3	Q9VYV3	416	clustalo-3	-	478	1.1e-108	369.5	6.9	3	3	1.9e-35	1.6e-32	118.275489807129	0.43	27	131	309	412	285	414	0.92	Thioredoxin domain-containing protein 5 homolog		0
Q66GQ3	Q66GQ3	534	clustalo-3	-	478	2.9e-107	364.7	4.5	1	1	4.3e-110	3.5e-107	364.470550537109	4.50	15	466	69	530	48	534	0.92	Protein disulfide isomerase-like 1-6		0
A3KPF5	A3KPF5	537	clustalo-3	-	478	3.5e-106	361.2	1.0	1	1	5.2e-109	4.3e-106	360.895355224609	0.99	15	464	71	530	51	537	0.92	Protein disulfide isomerase-like 1-5		0
Q5WA72	Q5WA72	533	clustalo-3	-	478	5.1e-105	357.4	5.1	1	1	7.4e-108	6.2e-105	357.077453613281	5.14	15	466	62	522	43	533	0.92	Protein disulfide isomerase-like 1-5		0
P32474	P32474	517	clustalo-3	-	478	2.7e-104	355.0	0.0	1	1	1.1e-106	9.5e-104	353.164581298828	0.01	13	476	16	515	6	517	0.83	Protein disulfide-isomerase EUG1		0
Q921X9	Q921X9	517	clustalo-3	-	478	6.1e-104	353.8	8.9	1	4	0.026	21	9.0526237487793	0.03	224	331	18	136	12	142	0.64	Protein disulfide-isomerase A5		0
Q921X9	Q921X9	517	clustalo-3	-	478	6.1e-104	353.8	8.9	2	4	1.3e-36	1.1e-33	122.175750732422	0.02	8	140	129	268	118	272	0.86	Protein disulfide-isomerase A5		0
Q921X9	Q921X9	517	clustalo-3	-	478	6.1e-104	353.8	8.9	3	4	5.1e-36	4.2e-33	120.199989318848	0.19	21	139	274	390	269	398	0.88	Protein disulfide-isomerase A5		0
Q921X9	Q921X9	517	clustalo-3	-	478	6.1e-104	353.8	8.9	4	4	1.1e-32	9.1e-30	109.203834533691	1.33	344	460	388	504	386	517	0.61	Protein disulfide-isomerase A5		0
Q5I0H9	Q5I0H9	517	clustalo-3	-	478	4.6e-102	347.6	10.3	1	3	5.0e-35	4.1e-32	116.917282104492	0.05	8	140	129	268	122	272	0.86	Protein disulfide-isomerase A5		0
Q5I0H9	Q5I0H9	517	clustalo-3	-	478	4.6e-102	347.6	10.3	2	3	2.1e-35	1.7e-32	118.175430297852	0.18	21	136	274	387	269	389	0.90	Protein disulfide-isomerase A5		0
Q5I0H9	Q5I0H9	517	clustalo-3	-	478	4.6e-102	347.6	10.3	3	3	3.8e-33	3.2e-30	110.715827941895	1.28	343	460	387	504	385	516	0.82	Protein disulfide-isomerase A5		0
Q14554	Q14554	519	clustalo-3	-	478	4.0e-101	344.5	12.6	1	3	1.2e-35	1.0e-32	118.924751281738	0.06	9	140	132	270	125	274	0.87	Protein disulfide-isomerase A5		0
Q14554	Q14554	519	clustalo-3	-	478	4.0e-101	344.5	12.6	2	3	6.9e-35	5.7e-32	116.45629119873	0.44	21	136	276	389	271	392	0.90	Protein disulfide-isomerase A5		0
Q14554	Q14554	519	clustalo-3	-	478	4.0e-101	344.5	12.6	3	3	1.0e-32	8.7e-30	109.269104003906	1.57	343	461	389	507	388	519	0.80	Protein disulfide-isomerase A5		0
Q2KIL5	Q2KIL5	521	clustalo-3	-	478	4.3e-99	337.8	11.6	1	4	0.016	13	9.71888446807861	0.06	223	331	21	140	17	147	0.69	Protein disulfide-isomerase A5		0
Q2KIL5	Q2KIL5	521	clustalo-3	-	478	4.3e-99	337.8	11.6	2	4	1.9e-35	1.6e-32	118.299560546875	0.07	10	140	135	272	128	277	0.87	Protein disulfide-isomerase A5		0
Q2KIL5	Q2KIL5	521	clustalo-3	-	478	4.3e-99	337.8	11.6	3	4	1.1e-34	9.3e-32	115.763717651367	0.11	21	134	278	389	273	393	0.91	Protein disulfide-isomerase A5		0
Q2KIL5	Q2KIL5	521	clustalo-3	-	478	4.3e-99	337.8	11.6	4	4	3.5e-30	2.9e-27	100.959991455078	1.57	347	459	395	507	390	521	0.57	Protein disulfide-isomerase A5		0
Q75M08	Q75M08	366	clustalo-3	-	478	6.7e-97	330.6	4.6	1	2	1.5e-49	1.3e-46	164.792419433594	1.02	6	135	9	142	4	147	0.89	Protein disulfide isomerase-like 2-1		0
Q75M08	Q75M08	366	clustalo-3	-	478	6.7e-97	330.6	4.6	2	2	3.6e-50	3.0e-47	166.860733032227	0.04	351	471	148	268	144	295	0.92	Protein disulfide isomerase-like 2-1		0
O22263	O22263	361	clustalo-3	-	478	4.7e-96	327.8	2.9	1	2	2.6e-48	2.2e-45	160.719635009766	0.68	15	135	17	135	4	138	0.90	Protein disulfide-isomerase like 2-1		0
O22263	O22263	361	clustalo-3	-	478	4.7e-96	327.8	2.9	2	2	3.2e-50	2.6e-47	167.030624389648	0.05	351	471	141	261	135	284	0.92	Protein disulfide-isomerase like 2-1		0
Q9V438	Q9V438	433	clustalo-3	-	478	8.0e-95	323.7	1.0	1	2	1.8e-46	1.5e-43	154.656280517578	0.03	7	135	8	136	1	140	0.88	Protein disulfide-isomerase A6 homolog		0
Q9V438	Q9V438	433	clustalo-3	-	478	8.0e-95	323.7	1.0	2	2	5.6e-49	4.6e-46	162.934600830078	0.13	17	138	152	273	142	298	0.91	Protein disulfide-isomerase A6 homolog		0
Q942L2	Q942L2	371	clustalo-3	-	478	4.9e-94	321.1	1.6	1	2	5.8e-47	4.8e-44	156.276550292969	0.80	13	135	20	147	9	151	0.87	Protein disulfide isomerase-like 2-2		0
Q942L2	Q942L2	371	clustalo-3	-	478	4.9e-94	321.1	1.6	2	2	3.9e-49	3.2e-46	163.43473815918	0.01	351	471	153	273	149	306	0.92	Protein disulfide isomerase-like 2-2		0
P38660	P38660	439	clustalo-3	-	478	5.1e-94	321.1	0.0	1	2	4.0e-49	3.3e-46	163.403854370117	0.01	13	134	13	135	2	140	0.88	Protein disulfide-isomerase A6		0
P38660	P38660	439	clustalo-3	-	478	5.1e-94	321.1	0.0	2	2	2.6e-45	2.2e-42	150.819564819336	0.08	16	140	155	279	134	302	0.87	Protein disulfide-isomerase A6		0
P38661	P38661	364	clustalo-3	-	478	3.8e-93	318.2	5.6	1	2	4.4e-48	3.6e-45	159.982543945312	0.84	8	138	14	144	5	148	0.89	Probable protein disulfide-isomerase A6		0
P38661	P38661	364	clustalo-3	-	478	3.8e-93	318.2	5.6	2	2	2.7e-48	2.2e-45	160.688400268555	0.08	350	471	146	267	143	292	0.91	Probable protein disulfide-isomerase A6		0
Q63081	Q63081	440	clustalo-3	-	478	7.1e-93	317.3	0.3	1	2	8.3e-49	6.9e-46	162.36279296875	0.02	9	134	9	135	1	138	0.88	Protein disulfide-isomerase A6		0
Q63081	Q63081	440	clustalo-3	-	478	7.1e-93	317.3	0.3	2	2	2.6e-45	2.2e-42	150.815612792969	0.17	16	138	155	277	142	302	0.90	Protein disulfide-isomerase A6		0
Q922R8	Q922R8	440	clustalo-3	-	478	7.9e-93	317.2	0.2	1	2	9.0e-49	7.5e-46	162.235458374023	0.01	10	134	10	135	1	139	0.87	Protein disulfide-isomerase A6		0
Q922R8	Q922R8	440	clustalo-3	-	478	7.9e-93	317.2	0.2	2	2	2.6e-45	2.1e-42	150.850662231445	0.15	16	138	155	277	139	301	0.90	Protein disulfide-isomerase A6		0
Q15084	Q15084	440	clustalo-3	-	478	4.1e-92	314.8	0.0	1	2	4.7e-48	3.9e-45	159.864135742188	0.01	10	134	10	135	1	139	0.87	Protein disulfide-isomerase A6		0
Q15084	Q15084	440	clustalo-3	-	478	4.1e-92	314.8	0.0	2	2	2.9e-45	2.4e-42	150.653137207031	0.06	16	138	155	277	142	299	0.91	Protein disulfide-isomerase A6		0
Q5R6T1	Q5R6T1	440	clustalo-3	-	478	4.4e-92	314.7	0.0	1	2	4.8e-48	4.0e-45	159.85237121582	0.01	8	134	8	135	1	138	0.87	Protein disulfide-isomerase A6		0
Q5R6T1	Q5R6T1	440	clustalo-3	-	478	4.4e-92	314.7	0.0	2	2	3.1e-45	2.6e-42	150.572906494141	0.05	16	138	155	277	134	289	0.91	Protein disulfide-isomerase A6		0
Q9MAU6	Q9MAU6	447	clustalo-3	-	478	5.8e-92	314.3	0.9	1	3	4.7e-46	3.9e-43	153.292343139648	0.03	9	133	14	140	7	150	0.90	Protein disulfide-isomerase like 2-2		0
Q9MAU6	Q9MAU6	447	clustalo-3	-	478	5.8e-92	314.3	0.9	2	3	1.0e-43	8.6e-41	145.558837890625	0.23	16	138	162	281	149	299	0.91	Protein disulfide-isomerase like 2-2		0
Q9MAU6	Q9MAU6	447	clustalo-3	-	478	5.8e-92	314.3	0.9	3	3	0.0022	1.8	12.5686893463135	0.01	254	334	311	395	284	403	0.80	Protein disulfide-isomerase like 2-2		0
Q67UF5	Q67UF5	441	clustalo-3	-	478	3.8e-91	311.6	3.4	1	3	1.7e-45	1.4e-42	151.419876098633	0.10	13	132	12	136	1	143	0.88	Protein disulfide isomerase-like 2-3		0
Q67UF5	Q67UF5	441	clustalo-3	-	478	3.8e-91	311.6	3.4	2	3	4.4e-44	3.7e-41	146.775039672852	0.49	16	138	160	279	136	297	0.90	Protein disulfide isomerase-like 2-3		0
Q67UF5	Q67UF5	441	clustalo-3	-	478	3.8e-91	311.6	3.4	3	3	0.0017	1.4	12.9539480209351	0.01	254	331	309	390	288	401	0.77	Protein disulfide isomerase-like 2-3		0
O48773	O48773	440	clustalo-3	-	478	6.1e-91	310.9	1.6	1	2	2.2e-46	1.8e-43	154.388748168945	0.10	13	131	13	136	2	141	0.89	Protein disulfide-isomerase 2-3		0
O48773	O48773	440	clustalo-3	-	478	6.1e-91	310.9	1.6	2	2	2.2e-44	1.8e-41	147.759002685547	0.07	15	138	156	276	138	297	0.91	Protein disulfide-isomerase 2-3		0
Q11067	Q11067	440	clustalo-3	-	478	2.5e-89	305.6	0.8	1	2	1.3e-46	1.1e-43	155.107940673828	0.13	8	135	7	135	1	137	0.89	Protein disulfide-isomerase A6 homolog		0
Q11067	Q11067	440	clustalo-3	-	478	2.5e-89	305.6	0.8	2	2	2.8e-42	2.3e-39	140.854248046875	0.07	19	138	162	280	145	302	0.90	Protein disulfide-isomerase A6 homolog		0
Q86IA3	Q86IA3	363	clustalo-3	-	478	3.0e-86	295.4	6.8	1	2	2.1e-44	1.8e-41	147.811340332031	2.35	13	137	10	138	1	143	0.89	Protein disulfide-isomerase 1		0
Q86IA3	Q86IA3	363	clustalo-3	-	478	3.0e-86	295.4	6.8	2	2	2.7e-45	2.3e-42	150.75993347168	0.19	349	468	140	261	136	293	0.92	Protein disulfide-isomerase 1		0
Q92249	Q92249	369	clustalo-3	-	478	2.9e-82	282.3	0.1	1	2	1.4e-44	1.2e-41	148.418899536133	0.10	9	135	5	134	1	140	0.91	Protein disulfide-isomerase erp38		0
Q92249	Q92249	369	clustalo-3	-	478	2.9e-82	282.3	0.1	2	2	6.8e-42	5.7e-39	139.556259155273	0.01	321	467	118	258	117	294	0.92	Protein disulfide-isomerase erp38		0
Q00216	Q00216	359	clustalo-3	-	478	1.4e-79	273.5	1.3	1	2	2.9e-43	2.4e-40	144.071792602539	0.05	15	133	13	131	1	138	0.90	Protein disulfide-isomerase tigA		0
Q00216	Q00216	359	clustalo-3	-	478	1.4e-79	273.5	1.3	2	2	2.1e-38	1.7e-35	128.063827514648	0.31	19	133	138	252	134	344	0.71	Protein disulfide-isomerase tigA		0
Q96JJ7	Q96JJ7	454	clustalo-3	-	478	1.1e-77	267.2	0.0	1	1	1.0e-79	8.3e-77	264.325469970703	0.02	7	343	11	351	6	454	0.89	Protein disulfide-isomerase TMX3		0
Q5R875	Q5R875	454	clustalo-3	-	478	5.1e-77	265.0	0.0	1	1	4.5e-79	3.7e-76	262.168334960938	0.01	7	343	11	351	5	454	0.89	Protein disulfide-isomerase TMX3		0
Q8BXZ1	Q8BXZ1	456	clustalo-3	-	478	3.3e-76	262.4	0.0	1	1	1.2e-78	9.9e-76	260.773986816406	0.00	15	342	23	353	7	455	0.88	Protein disulfide-isomerase TMX3		0
Q0JD42	Q0JD42	423	clustalo-3	-	478	6.8e-75	258.0	0.0	1	1	1.1e-77	9.2e-75	257.571990966797	0.00	10	345	22	378	9	381	0.87	Protein disulfide isomerase-like 5-2		0
Q0E0I1	Q0E0I1	425	clustalo-3	-	478	1.0e-74	257.4	0.0	1	1	1.6e-77	1.3e-74	257.087005615234	0.00	15	340	40	378	12	388	0.88	Protein disulfide isomerase-like 5-3		0
Q6GNG3	Q6GNG3	452	clustalo-3	-	478	1.0e-73	254.1	0.0	1	1	1.7e-76	1.4e-73	253.690872192383	0.00	8	341	6	349	1	357	0.86	Protein disulfide-isomerase TMX3		0
O13811	O13811	359	clustalo-3	-	478	1.1e-72	250.7	0.4	1	2	1.5e-33	1.2e-30	112.07347869873	0.03	14	131	12	130	1	137	0.81	Protein disulfide-isomerase C17H9.14c		0
O13811	O13811	359	clustalo-3	-	478	1.1e-72	250.7	0.4	2	2	2.1e-43	1.8e-40	144.519348144531	0.09	314	467	112	257	105	277	0.93	Protein disulfide-isomerase C17H9.14c		0
Q94F09	Q94F09	440	clustalo-3	-	478	4.3e-71	245.5	0.1	1	1	6.9e-74	5.7e-71	245.063461303711	0.12	13	344	16	368	2	371	0.86	Protein disulfide-isomerase 5-2		0
Q00002	Q00002	436	clustalo-3	-	478	3.9e-69	239.0	0.2	1	1	7.5e-72	6.2e-69	238.349136352539	0.06	126	462	4	353	1	380	0.85	Protein disulfide-isomerase (Fragment)		0
A0A8M1N5Y4	A0A8M1N5Y4	437	clustalo-3	-	478	4.3e-68	235.6	0.0	1	1	1.2e-70	1.0e-67	234.361663818359	0.00	24	337	23	340	2	345	0.86	Protein disulfide-isomerase tmx3a		0
Q9BS26	Q9BS26	406	clustalo-3	-	478	8.9e-66	227.9	0.0	1	1	1.4e-68	1.2e-65	227.533584594727	0.01	8	349	13	369	7	380	0.87	Endoplasmic reticulum resident protein 44		0
Q9D1Q6	Q9D1Q6	406	clustalo-3	-	478	2.3e-65	226.6	0.0	1	1	3.6e-68	2.9e-65	226.228652954102	0.01	8	349	13	369	6	381	0.85	Endoplasmic reticulum resident protein 44		0
Q3T0L2	Q3T0L2	406	clustalo-3	-	478	2.4e-65	226.5	0.0	1	1	3.8e-68	3.2e-65	226.12809753418	0.00	8	349	13	369	7	382	0.84	Endoplasmic reticulum resident protein 44		0
Q8N807	Q8N807	584	clustalo-3	-	478	9.7e-65	224.5	5.0	1	1	1.2e-67	9.9e-65	224.49592590332	0.69	20	469	42	506	13	523	0.87	Protein disulfide-isomerase-like protein of the testis		0
Q9DAN1	Q9DAN1	588	clustalo-3	-	478	2.1e-63	220.1	4.2	1	1	3.3e-66	2.7e-63	219.74592590332	4.21	21	472	40	507	10	538	0.86	Protein disulfide-isomerase-like protein of the testis		0
Q95LM0	Q95LM0	583	clustalo-3	-	478	3.6e-63	219.4	0.7	1	1	4.3e-66	3.6e-63	219.352630615234	0.72	19	470	41	507	25	530	0.85	Protein disulfide-isomerase-like protein of the testis		0
Q869Z0	Q869Z0	409	clustalo-3	-	478	1.3e-62	217.5	14.6	1	1	9.2e-64	7.6e-61	211.680404663086	14.64	12	353	10	403	1	407	0.83	Putative protein disulfide-isomerase DDB_G0275025		0
Q5XI02	Q5XI02	590	clustalo-3	-	478	1.7e-62	217.1	3.9	1	1	2.7e-65	2.3e-62	216.708084106445	3.93	20	471	39	505	10	533	0.85	Protein disulfide-isomerase-like protein of the testis		0
Q6IUU3	Q6IUU3	750	clustalo-3	-	478	7.5e-57	198.5	0.0	1	2	1.5e-47	1.3e-44	158.203887939453	0.00	13	353	28	386	9	404	0.73	Sulfhydryl oxidase 1		0
Q6IUU3	Q6IUU3	750	clustalo-3	-	478	7.5e-57	198.5	0.0	2	2	4.1e-11	3.4e-08	38.0501174926758	0.00	370	468	438	548	422	569	0.85	Sulfhydryl oxidase 1		0
O08841	O08841	613	clustalo-3	-	478	1.2e-56	197.8	0.0	1	2	8.7e-47	7.2e-44	155.695220947266	0.00	11	354	21	385	12	390	0.74	Sulfhydryl oxidase 1		0
O08841	O08841	613	clustalo-3	-	478	1.2e-56	197.8	0.0	2	2	1.1e-11	8.8e-09	39.9886589050293	0.01	366	467	432	544	418	566	0.83	Sulfhydryl oxidase 1		0
H2N4I1	H2N4I1	750	clustalo-3	-	478	1.1e-55	194.7	0.0	1	2	1.0e-46	8.7e-44	155.435317993164	0.00	13	353	21	386	10	394	0.74	Sulfhydryl oxidase 1		0
H2N4I1	H2N4I1	750	clustalo-3	-	478	1.1e-55	194.7	0.0	2	2	8.6e-11	7.1e-08	36.9999885559082	0.01	363	468	431	547	423	570	0.82	Sulfhydryl oxidase 1		0
O00391	O00391	747	clustalo-3	-	478	3.8e-55	192.9	0.0	1	2	3.7e-46	3.0e-43	153.632797241211	0.00	13	353	19	383	10	391	0.75	Sulfhydryl oxidase 1		0
O00391	O00391	747	clustalo-3	-	478	3.8e-55	192.9	0.0	2	2	8.6e-11	7.2e-08	36.9930152893066	0.02	363	468	428	544	417	563	0.82	Sulfhydryl oxidase 1		0
Q8BND5	Q8BND5	748	clustalo-3	-	478	6.1e-55	192.2	0.0	1	2	2.8e-46	2.3e-43	154.0146484375	0.00	13	366	24	387	9	404	0.75	Sulfhydryl oxidase 1		0
Q8BND5	Q8BND5	748	clustalo-3	-	478	6.1e-55	192.2	0.0	2	2	2.1e-10	1.7e-07	35.7173614501953	0.00	370	467	438	547	424	571	0.84	Sulfhydryl oxidase 1		0
Q8JGM4	Q8JGM4	743	clustalo-3	-	478	4.4e-51	179.5	0.0	1	2	8.4e-41	7.0e-38	135.963180541992	0.00	13	360	37	401	26	405	0.66	Sulfhydryl oxidase 1		0
Q8JGM4	Q8JGM4	743	clustalo-3	-	478	4.4e-51	179.5	0.0	2	2	8.4e-12	6.9e-09	40.336353302002	0.08	372	468	447	554	438	588	0.81	Sulfhydryl oxidase 1		0
Q6ZRP7	Q6ZRP7	698	clustalo-3	-	478	3.6e-49	173.2	0.0	1	2	1.5e-39	1.2e-36	131.850540161133	0.00	7	339	35	392	28	401	0.75	Sulfhydryl oxidase 2		0
Q6ZRP7	Q6ZRP7	698	clustalo-3	-	478	3.6e-49	173.2	0.0	2	2	2.0e-11	1.7e-08	39.0528793334961	0.01	357	469	454	572	440	594	0.81	Sulfhydryl oxidase 2		0
Q3TMX7	Q3TMX7	692	clustalo-3	-	478	9.6e-48	168.5	0.0	1	2	1.8e-39	1.5e-36	131.533599853516	0.00	11	339	32	386	22	395	0.74	Sulfhydryl oxidase 2		0
Q3TMX7	Q3TMX7	692	clustalo-3	-	478	9.6e-48	168.5	0.0	2	2	4.8e-10	4.0e-07	34.5305442810059	0.01	361	467	452	564	433	584	0.82	Sulfhydryl oxidase 2		0
O13704	O13704	363	clustalo-3	-	478	1.0e-47	168.4	0.3	1	1	1.6e-50	1.3e-47	168.048782348633	0.28	13	282	19	296	4	355	0.75	Thioredoxin domain-containing protein C13F5.05, mitochondrial		0
Q6AX23	Q6AX23	661	clustalo-3	-	478	3.4e-47	166.7	0.7	1	2	1.0e-38	8.5e-36	129.073165893555	0.01	8	168	18	201	9	374	0.74	Sulfhydryl oxidase 2		0
Q6AX23	Q6AX23	661	clustalo-3	-	478	3.4e-47	166.7	0.7	2	2	4.7e-10	3.9e-07	34.570671081543	0.16	371	469	442	554	423	585	0.80	Sulfhydryl oxidase 2		0
Q12404	Q12404	318	clustalo-3	-	478	2.6e-39	140.7	5.1	1	1	1.8e-41	1.5e-38	138.127853393555	5.06	13	228	14	277	1	317	0.78	Protein disulfide-isomerase MPD1		0
P48384	P48384	172	clustalo-3	-	478	5.4e-39	139.6	0.1	1	1	7.9e-42	6.5e-39	139.354019165039	0.06	10	129	49	171	39	172	0.90	Thioredoxin M-type, chloroplastic		0
P0A4L1	P0A4L1	107	clustalo-3	-	478	2.0e-38	137.8	0.0	1	1	2.5e-41	2.1e-38	137.673706054688	0.04	24	129	5	106	1	107	0.96	Thioredoxin 1		0
P0A4L2	P0A4L2	107	clustalo-3	-	478	2.0e-38	137.8	0.0	1	1	2.5e-41	2.1e-38	137.673706054688	0.04	24	129	5	106	1	107	0.96	Thioredoxin 1		0
P07591	P07591	181	clustalo-3	-	478	2.3e-38	137.5	0.1	1	1	3.1e-41	2.6e-38	137.381942749023	0.05	13	132	53	181	26	181	0.89	Thioredoxin M-type, chloroplastic		0
Q9ZP20	Q9ZP20	172	clustalo-3	-	478	2.9e-38	137.2	0.2	1	1	3.8e-41	3.2e-38	137.081161499023	0.23	17	131	61	171	37	172	0.91	Thioredoxin M5, chloroplastic		0
Q50KB1	Q50KB1	223	clustalo-3	-	478	3.4e-38	137.0	1.6	1	1	9.4e-41	7.8e-38	135.792282104492	1.41	15	208	11	200	1	210	0.79	Protein disulfide-isomerase-like protein EhSep2		0
P87178	P87178	726	clustalo-3	-	478	9.4e-38	135.5	11.2	1	2	1.8e-18	1.5e-15	62.334415435791	3.39	26	258	31	262	10	290	0.64	Uncharacterized protein C3D6.13c		0
P87178	P87178	726	clustalo-3	-	478	9.4e-38	135.5	11.2	2	2	3.0e-23	2.4e-20	78.1008605957031	0.98	31	307	291	562	278	585	0.76	Uncharacterized protein C3D6.13c		0
P40557	P40557	701	clustalo-3	-	478	9.8e-38	135.5	6.2	1	2	2.2e-31	1.8e-28	104.904571533203	0.93	8	279	8	315	1	320	0.74	ER-retained PMA1-suppressing protein 1		0
P40557	P40557	701	clustalo-3	-	478	9.8e-38	135.5	6.2	2	2	1.7e-07	0.00014	26.1037311553955	0.39	90	314	401	592	395	603	0.55	ER-retained PMA1-suppressing protein 1		0
P12243	P12243	107	clustalo-3	-	478	1.3e-37	135.1	0.0	1	1	1.6e-40	1.4e-37	135.000305175781	0.04	23	129	4	106	1	107	0.95	Thioredoxin 1		0
Q41864	Q41864	167	clustalo-3	-	478	3.6e-37	133.6	0.1	1	1	5.0e-40	4.1e-37	133.411407470703	0.07	14	132	50	166	29	167	0.89	Thioredoxin M-type, chloroplastic		0
Q17688	Q17688	413	clustalo-3	-	478	3.8e-37	133.5	3.0	1	1	5.4e-40	4.5e-37	133.283111572266	2.96	13	343	11	355	1	378	0.78	Endoplasmic reticulum resident protein 44.2		0
P00275	P00275	105	clustalo-3	-	478	1.5e-36	131.5	0.1	1	1	2.0e-39	1.7e-36	131.424530029297	0.07	24	128	3	103	1	105	0.94	Thioredoxin C-1		0
Q9ZP21	Q9ZP21	175	clustalo-3	-	478	2.5e-36	130.8	1.2	1	1	3.4e-39	2.8e-36	130.646835327148	1.24	17	131	64	174	42	175	0.91	Thioredoxin M-type, chloroplastic		0
P23400	P23400	140	clustalo-3	-	478	3.4e-36	130.4	0.1	1	1	4.2e-39	3.5e-36	130.346099853516	0.11	25	130	38	139	7	140	0.90	Thioredoxin M-type, chloroplastic		0
Q6H7E4	Q6H7E4	173	clustalo-3	-	478	4.9e-36	129.9	0.0	1	1	6.8e-39	5.6e-36	129.667831420898	0.02	15	131	60	172	40	173	0.91	Thioredoxin M1, chloroplastic		0
Q4UNK3	Q4UNK3	105	clustalo-3	-	478	7.2e-36	129.3	0.0	1	1	9.2e-39	7.6e-36	129.233367919922	0.03	25	129	4	104	1	105	0.96	Thioredoxin		0
P37395	P37395	107	clustalo-3	-	478	8.9e-36	129.0	0.0	1	1	1.2e-38	9.9e-36	128.860778808594	0.03	26	129	7	106	2	107	0.95	Thioredoxin		0
P52231	P52231	107	clustalo-3	-	478	1.3e-35	128.5	0.0	1	1	1.6e-38	1.3e-35	128.424133300781	0.01	22	129	3	106	1	107	0.95	Thioredoxin		0
P50254	P50254	107	clustalo-3	-	478	1.3e-35	128.5	0.0	1	1	1.6e-38	1.4e-35	128.411560058594	0.02	23	130	3	106	1	107	0.96	Thioredoxin		0
O48737	O48737	179	clustalo-3	-	478	2.2e-35	127.7	0.0	1	1	3.1e-38	2.6e-35	127.496139526367	0.01	14	129	63	178	42	179	0.88	Thioredoxin M1, chloroplastic		0
Q1RKN1	Q1RKN1	105	clustalo-3	-	478	4.2e-35	126.8	0.0	1	1	5.3e-38	4.4e-35	126.725082397461	0.03	26	129	5	104	1	105	0.96	Thioredoxin		0
Q4N4N8	Q4N4N8	220	clustalo-3	-	478	5.6e-35	126.4	0.0	1	1	7.2e-38	5.9e-35	126.296241760254	0.01	13	135	12	144	2	210	0.81	Thioredoxin domain-containing protein		0
P51225	P51225	107	clustalo-3	-	478	9.3e-35	125.7	0.0	1	1	1.2e-37	9.9e-35	125.558242797852	0.02	23	130	3	106	1	107	0.96	Thioredoxin		0
Q9ZEE0	Q9ZEE0	105	clustalo-3	-	478	1.6e-34	124.9	0.0	1	1	2.0e-37	1.7e-34	124.806678771973	0.03	23	129	2	104	1	105	0.97	Thioredoxin		0
P0AA27	P0AA27	109	clustalo-3	-	478	1.6e-34	124.8	0.0	1	1	2.1e-37	1.7e-34	124.757835388184	0.01	20	129	2	107	1	109	0.96	Thioredoxin 1		3
P0AA29	P0AA29	109	clustalo-3	-	478	1.6e-34	124.8	0.0	1	1	2.1e-37	1.7e-34	124.757835388184	0.01	20	129	2	107	1	109	0.96	Thioredoxin 1		2
P0AA30	P0AA30	109	clustalo-3	-	478	1.6e-34	124.8	0.0	1	1	2.1e-37	1.7e-34	124.757835388184	0.01	20	129	2	107	1	109	0.96	Thioredoxin 1		0
Q5JMR9	Q5JMR9	168	clustalo-3	-	478	2.2e-34	124.4	0.0	1	1	3.0e-37	2.5e-34	124.249557495117	0.02	24	130	62	164	33	167	0.94	Thioredoxin Y, chloroplastic		0
Q9SEU6	Q9SEU6	193	clustalo-3	-	478	2.2e-34	124.4	0.0	1	1	3.2e-37	2.6e-34	124.159072875977	0.01	15	129	80	190	50	192	0.90	Thioredoxin M4, chloroplastic		0
Q7X8R5	Q7X8R5	180	clustalo-3	-	478	2.4e-34	124.3	0.0	1	1	3.4e-37	2.8e-34	124.068138122559	0.02	19	130	71	178	55	180	0.93	Thioredoxin M2, chloroplastic		0
Q5WNE3	Q5WNE3	602	clustalo-3	-	478	2.8e-34	124.1	0.1	1	1	6.8e-36	5.6e-33	119.776313781738	0.05	36	470	20	477	11	500	0.78	Peptide-N(4)-(N-acetyl-beta-glucosaminyl)asparagine amidase		0
Q92JR5	Q92JR5	105	clustalo-3	-	478	2.9e-34	124.0	0.0	1	1	4.0e-37	3.3e-34	123.841209411621	0.02	28	129	7	104	2	105	0.96	Thioredoxin		0
Q9SEU8	Q9SEU8	186	clustalo-3	-	478	3.3e-34	123.8	0.0	1	1	4.6e-37	3.8e-34	123.646072387695	0.00	14	129	69	184	47	186	0.89	Thioredoxin M2, chloroplastic		0
G4NFB7	G4NFB7	171	clustalo-3	-	478	3.8e-34	123.6	0.2	1	1	5.1e-37	4.2e-34	123.489364624023	0.21	15	126	60	164	37	171	0.86	Thioredoxin-2		0
Q0Z7W6	Q0Z7W6	278	clustalo-3	-	478	4.7e-34	123.3	0.7	1	1	9.1e-37	7.6e-34	122.652801513672	0.03	11	139	15	140	6	142	0.86	Thioredoxin-related transmembrane protein 1		0
Q9H3N1	Q9H3N1	280	clustalo-3	-	478	4.8e-34	123.3	0.1	1	1	1.2e-36	1.0e-33	122.23267364502	0.07	12	139	15	140	6	269	0.84	Thioredoxin-related transmembrane protein 1		0
P50338	P50338	109	clustalo-3	-	478	5.4e-34	123.1	0.0	1	1	7.6e-37	6.3e-34	122.913124084473	0.02	28	132	8	108	3	109	0.95	Thioredoxin		0
Q69SA9	Q69SA9	485	clustalo-3	-	478	5.5e-34	123.1	0.0	1	1	1.8e-36	1.5e-33	121.673446655273	0.02	17	258	137	409	119	481	0.78	Protein disulfide isomerase-like 5-4		0
Q9XGS0	Q9XGS0	177	clustalo-3	-	478	6.6e-34	122.9	0.0	1	1	8.7e-37	7.2e-34	122.718605041504	0.01	15	129	65	175	39	177	0.88	Thioredoxin M-type, chloroplastic		0
Q6NPF9	Q6NPF9	172	clustalo-3	-	478	7.3e-34	122.7	0.1	1	1	1.0e-36	8.6e-34	122.46662902832	0.10	22	131	64	169	46	172	0.92	Thioredoxin Y1, chloroplastic		0
P43785	P43785	107	clustalo-3	-	478	9.4e-34	122.3	0.0	1	1	1.2e-36	1.0e-33	122.220169067383	0.03	21	129	2	106	1	107	0.97	Thioredoxin		0
Q68Y00	Q68Y00	105	clustalo-3	-	478	1.2e-33	122.0	0.1	1	1	1.5e-36	1.2e-33	121.943214416504	0.05	23	129	2	104	1	105	0.96	Thioredoxin		0
Q9T042	Q9T042	480	clustalo-3	-	478	1.2e-33	121.9	0.0	1	1	3.1e-36	2.5e-33	120.913711547852	0.01	17	164	137	301	120	449	0.61	Protein disulfide-isomerase 5-4		0
Q9CM49	Q9CM49	106	clustalo-3	-	478	1.5e-33	121.6	0.0	1	1	2.0e-36	1.6e-33	121.540740966797	0.03	22	129	2	105	1	106	0.97	Thioredoxin		0
P97615	P97615	166	clustalo-3	-	478	1.9e-33	121.3	0.0	1	1	2.5e-36	2.1e-33	121.212821960449	0.02	15	130	54	165	27	166	0.92	Thioredoxin, mitochondrial		0
Q8VBT0	Q8VBT0	278	clustalo-3	-	478	2.5e-33	120.9	0.5	1	1	4.1e-36	3.4e-33	120.496429443359	0.01	10	139	13	140	5	171	0.87	Thioredoxin-related transmembrane protein 1		0
Q95108	Q95108	166	clustalo-3	-	478	2.8e-33	120.8	0.0	1	1	3.9e-36	3.2e-33	120.566719055176	0.04	15	130	54	165	33	166	0.91	Thioredoxin, mitochondrial		0
P10472	P10472	108	clustalo-3	-	478	3.6e-33	120.4	0.0	1	1	4.9e-36	4.1e-33	120.233551025391	0.01	25	131	6	108	2	108	0.96	Thioredoxin		0
P0AGG7	P0AGG7	139	clustalo-3	-	478	4.1e-33	120.2	0.0	1	1	4.9e-36	4.1e-33	120.236434936523	0.03	20	128	34	137	21	139	0.94	Thioredoxin 2		0
P0AGG6	P0AGG6	139	clustalo-3	-	478	4.1e-33	120.2	0.0	1	1	4.9e-36	4.1e-33	120.236434936523	0.03	20	128	34	137	21	139	0.94	Thioredoxin 2		3
Q8L7S9	Q8L7S9	167	clustalo-3	-	478	4.3e-33	120.2	0.0	1	1	5.8e-36	4.8e-33	120.011390686035	0.01	22	130	59	163	28	166	0.91	Thioredoxin Y2, chloroplastic		0
Q9X2T1	Q9X2T1	108	clustalo-3	-	478	5.7e-33	119.8	0.1	1	1	7.3e-36	6.1e-33	119.669456481934	0.05	20	128	2	106	1	108	0.96	Thioredoxin		0
P22217	P22217	103	clustalo-3	-	478	6.3e-33	119.6	0.4	1	1	8.7e-36	7.2e-33	119.427947998047	0.44	26	127	6	100	2	103	0.92	Thioredoxin-1		0
P80579	P80579	105	clustalo-3	-	478	8.1e-33	119.3	0.0	1	1	1.0e-35	8.3e-33	119.213310241699	0.02	25	126	4	100	1	105	0.94	Thioredoxin		0
P97493	P97493	166	clustalo-3	-	478	8.5e-33	119.2	0.0	1	1	1.2e-35	9.6e-33	119.005531311035	0.03	22	130	61	165	40	166	0.92	Thioredoxin, mitochondrial		0
Q99757	Q99757	166	clustalo-3	-	478	1.3e-32	118.6	0.0	1	1	1.7e-35	1.4e-32	118.440574645996	0.02	24	130	63	165	43	166	0.94	Thioredoxin, mitochondrial		0
Q9RD25	Q9RD25	134	clustalo-3	-	478	1.4e-32	118.5	0.1	1	1	1.8e-35	1.5e-32	118.355026245117	0.10	22	140	3	115	1	129	0.90	Putative thioredoxin 2		0
P52233	P52233	108	clustalo-3	-	478	1.8e-32	118.1	0.0	1	1	2.3e-35	1.9e-32	118.015747070312	0.01	21	129	3	107	1	108	0.96	Thioredoxin		0
Q1RQI9	Q1RQI9	105	clustalo-3	-	478	2.3e-32	117.7	0.1	1	1	3.0e-35	2.5e-32	117.671112060547	0.11	25	130	4	104	1	105	0.93	Thioredoxin (Fragment)		0
Q8IFW4	Q8IFW4	157	clustalo-3	-	478	2.9e-32	117.4	0.3	1	1	4.1e-35	3.4e-32	117.21760559082	0.26	25	140	5	116	2	154	0.86	Thioredoxin-T		0
Q7M1B9	Q7M1B9	110	clustalo-3	-	478	3.1e-32	117.3	0.0	1	1	4.2e-35	3.5e-32	117.177673339844	0.01	24	121	5	98	1	108	0.91	Thioredoxin		0
P33791	P33791	106	clustalo-3	-	478	3.3e-32	117.3	0.0	1	1	4.2e-35	3.5e-32	117.17138671875	0.03	23	128	3	104	1	106	0.94	Thioredoxin (Fragment)		0
P0A617	P0A617	116	clustalo-3	-	478	4.9e-32	116.7	0.0	1	1	7.0e-35	5.8e-32	116.43611907959	0.04	18	127	4	109	2	115	0.92	Thioredoxin		3
Q8KE49	Q8KE49	109	clustalo-3	-	478	5.4e-32	116.5	0.0	1	1	7.1e-35	5.9e-32	116.407257080078	0.01	25	131	7	109	2	109	0.95	Thioredoxin 2		0
O22022	O22022	102	clustalo-3	-	478	5.5e-32	116.5	0.0	1	1	6.9e-35	5.7e-32	116.463851928711	0.01	27	129	5	101	1	102	0.92	Thioredoxin		0
Q9TW67	Q9TW67	606	clustalo-3	-	478	6.5e-32	116.3	0.1	1	1	8.5e-34	7.1e-31	112.855293273926	0.06	35	174	19	147	11	192	0.81	Peptide-N(4)-(N-acetyl-beta-glucosaminyl)asparagine amidase		0
P10473	P10473	104	clustalo-3	-	478	6.9e-32	116.2	0.1	1	1	8.9e-35	7.4e-32	116.09188079834	0.10	25	129	3	103	1	104	0.96	Thioredoxin		0
P52232	P52232	105	clustalo-3	-	478	7.7e-32	116.0	0.0	1	1	1.0e-34	8.5e-32	115.891357421875	0.02	29	127	8	102	2	105	0.92	Thioredoxin-like protein slr0233		0
P66928	P66928	106	clustalo-3	-	478	1.0e-31	115.6	0.0	1	1	1.4e-34	1.1e-31	115.492385864258	0.03	21	130	2	105	1	106	0.93	Thioredoxin		2
Q49WR2	Q49WR2	104	clustalo-3	-	478	1.2e-31	115.4	0.1	1	1	1.5e-34	1.2e-31	115.349822998047	0.10	23	129	3	103	1	104	0.94	Thioredoxin		0
P52230	P52230	110	clustalo-3	-	478	1.4e-31	115.2	0.1	1	1	1.8e-34	1.5e-31	115.068084716797	0.06	24	130	6	108	2	110	0.94	Thioredoxin 1		0
P57653	P57653	108	clustalo-3	-	478	2.0e-31	114.7	0.1	1	1	2.5e-34	2.1e-31	114.598114013672	0.06	21	129	2	106	1	108	0.96	Thioredoxin		0
P08058	P08058	106	clustalo-3	-	478	2.6e-31	114.3	0.1	1	1	3.3e-34	2.8e-31	114.193145751953	0.08	24	128	4	104	1	106	0.96	Thioredoxin		0
P14949	P14949	104	clustalo-3	-	478	4.1e-31	113.6	0.0	1	1	5.3e-34	4.4e-31	113.534362792969	0.04	23	129	3	103	1	104	0.96	Thioredoxin		0
P07887	P07887	108	clustalo-3	-	478	4.4e-31	113.5	0.4	1	1	6.2e-34	5.1e-31	113.313461303711	0.40	23	129	5	107	2	108	0.96	Thioredoxin C-2		0
P46843	P46843	458	clustalo-3	-	478	5.6e-31	113.2	0.0	1	1	9.9e-34	8.2e-31	112.637245178223	0.03	17	128	345	452	330	457	0.88	Bifunctional thioredoxin reductase/thioredoxin		0
O81332	O81332	191	clustalo-3	-	478	7.7e-31	112.7	0.1	1	1	1.1e-33	9.2e-31	112.475914001465	0.13	6	130	63	189	56	191	0.85	Thioredoxin F-type, chloroplastic		0
Q4L5F0	Q4L5F0	104	clustalo-3	-	478	8.3e-31	112.6	0.1	1	1	1.1e-33	8.9e-31	112.530586242676	0.10	23	129	3	103	1	104	0.94	Thioredoxin		0
O30974	O30974	112	clustalo-3	-	478	9.8e-31	112.4	0.0	1	1	1.2e-33	1.0e-30	112.343055725098	0.03	19	124	3	106	1	112	0.93	Thioredoxin		0
Q6XHI1	Q6XHI1	106	clustalo-3	-	478	1.2e-30	112.1	0.1	1	1	1.5e-33	1.3e-30	112.01522064209	0.11	34	128	16	104	3	106	0.90	Thioredoxin-2		0
P29429	P29429	110	clustalo-3	-	478	1.3e-30	112.0	0.1	1	1	1.7e-33	1.4e-30	111.842559814453	0.11	21	127	6	106	2	110	0.89	Thioredoxin		0
Q9LJU2	Q9LJU2	483	clustalo-3	-	478	1.3e-30	112.0	0.0	1	1	3.5e-33	2.9e-30	110.843040466309	0.00	14	333	131	451	115	483	0.73	Protein disulfide-isomerase 5-3		0
O48897	O48897	182	clustalo-3	-	478	1.4e-30	111.9	0.2	1	1	2.0e-33	1.7e-30	111.639823913574	0.19	14	134	62	180	39	181	0.87	Thioredoxin F-type, chloroplastic		0
Q8TFM8	Q8TFM8	121	clustalo-3	-	478	1.6e-30	111.7	0.1	1	1	2.0e-33	1.7e-30	111.611999511719	0.06	23	116	3	92	1	116	0.90	Thioredoxin-like protein		0
P52227	P52227	102	clustalo-3	-	478	1.7e-30	111.6	0.0	1	1	2.2e-33	1.8e-30	111.511077880859	0.00	23	130	2	102	1	102	0.93	Thioredoxin		0
P22803	P22803	104	clustalo-3	-	478	2.1e-30	111.3	0.1	1	1	2.6e-33	2.1e-30	111.27010345459	0.10	25	127	5	101	1	104	0.90	Thioredoxin-2		0
Q9XFH8	Q9XFH8	178	clustalo-3	-	478	2.4e-30	111.1	0.3	1	1	3.7e-33	3.0e-30	110.766708374023	0.27	14	133	59	176	44	177	0.88	Thioredoxin F1, chloroplastic		0
Q2FHT6	Q2FHT6	104	clustalo-3	-	478	2.7e-30	110.9	0.2	1	1	3.5e-33	2.9e-30	110.833511352539	0.16	23	129	3	103	1	104	0.93	Thioredoxin		10
Q9USR1	Q9USR1	290	clustalo-3	-	478	2.9e-30	110.8	0.1	1	1	4.1e-33	3.4e-30	110.611282348633	0.06	21	260	2	228	1	277	0.71	Thioredoxin-like protein 1		0
Q8CPL5	Q8CPL5	104	clustalo-3	-	478	3.2e-30	110.7	0.1	1	1	4.1e-33	3.4e-30	110.606925964355	0.09	23	129	3	103	1	104	0.93	Thioredoxin		2
O14463	O14463	103	clustalo-3	-	478	4.6e-30	110.2	0.4	1	1	5.7e-33	4.8e-30	110.122367858887	0.42	25	128	5	101	1	103	0.92	Thioredoxin-1		0
Q9PJK3	Q9PJK3	102	clustalo-3	-	478	4.8e-30	110.1	0.0	1	1	6.3e-33	5.2e-30	110.001113891602	0.00	23	129	2	101	1	102	0.94	Thioredoxin		0
Q9V429	Q9V429	106	clustalo-3	-	478	5.7e-30	109.9	0.2	1	1	7.3e-33	6.1e-30	109.778877258301	0.21	33	128	13	104	2	106	0.89	Thioredoxin-2		0
O84544	O84544	102	clustalo-3	-	478	6.7e-30	109.6	0.0	1	1	8.7e-33	7.2e-30	109.532356262207	0.00	23	129	2	101	1	102	0.94	Thioredoxin		0
O17486	O17486	107	clustalo-3	-	478	8.4e-30	109.3	0.5	1	1	1.1e-32	8.8e-30	109.245094299316	0.51	19	128	3	105	1	107	0.92	Thioredoxin		0
Q6PKC3	Q6PKC3	985	clustalo-3	-	478	8.7e-30	109.3	0.0	1	2	1.7e-13	1.4e-10	45.9164581298828	0.00	34	193	121	270	105	363	0.74	Thioredoxin domain-containing protein 11		0
Q6PKC3	Q6PKC3	985	clustalo-3	-	478	8.7e-30	109.3	0.0	2	2	4.4e-18	3.7e-15	61.0259399414062	0.00	222	468	544	807	488	837	0.79	Thioredoxin domain-containing protein 11		0
Q8S091	Q8S091	187	clustalo-3	-	478	1.6e-29	108.4	0.2	1	1	2.1e-32	1.8e-29	108.237297058105	0.23	14	129	71	184	48	187	0.85	Thioredoxin F, chloroplastic		0
P09856	P09856	190	clustalo-3	-	478	1.6e-29	108.4	0.0	1	1	2.2e-32	1.8e-29	108.210601806641	0.04	15	129	77	187	57	190	0.88	Thioredoxin F-type, chloroplastic		0
Q9Z7P5	Q9Z7P5	102	clustalo-3	-	478	1.7e-29	108.3	0.0	1	1	2.2e-32	1.9e-29	108.17497253418	0.01	23	129	2	101	1	102	0.93	Thioredoxin		0
Q17424	Q17424	145	clustalo-3	-	478	2.5e-29	107.8	0.0	1	1	3.2e-32	2.7e-29	107.655578613281	0.01	15	130	32	143	9	145	0.90	Probable thioredoxin-2		0
Q9XFH9	Q9XFH9	185	clustalo-3	-	478	2.9e-29	107.5	0.2	1	1	4.0e-32	3.3e-29	107.342994689941	0.23	14	128	69	181	55	185	0.86	Thioredoxin F2, chloroplastic		0
Q1RQJ0	Q1RQJ0	110	clustalo-3	-	478	3.1e-29	107.4	0.3	1	1	4.2e-32	3.5e-29	107.259872436523	0.35	24	130	7	109	2	110	0.93	Thioredoxin Asp f 29		0
Q10N04	Q10N04	147	clustalo-3	-	478	5.5e-29	106.6	0.4	1	1	8.0e-32	6.6e-29	106.359115600586	0.41	10	133	14	139	5	145	0.87	Protein disulfide isomerase-like 5-1		0
P42115	P42115	127	clustalo-3	-	478	5.5e-29	106.6	0.1	1	1	7.0e-32	5.8e-29	106.546890258789	0.07	21	112	4	97	1	118	0.90	Thioredoxin		0
O51890	O51890	108	clustalo-3	-	478	5.8e-29	106.5	0.1	1	1	7.5e-32	6.2e-29	106.447380065918	0.06	21	129	2	106	1	108	0.96	Thioredoxin		0
Q0D840	Q0D840	122	clustalo-3	-	478	7.7e-29	106.1	1.2	1	1	9.8e-32	8.1e-29	106.065933227539	1.18	26	137	12	120	2	122	0.87	Thioredoxin H1		2
Q9UW02	Q9UW02	106	clustalo-3	-	478	7.8e-29	106.1	0.1	1	1	1.1e-31	8.9e-29	105.929733276367	0.07	25	129	5	104	2	106	0.91	Thioredoxin		0
Q9R6P9	Q9R6P9	100	clustalo-3	-	478	8.3e-29	106.0	0.2	1	1	1.0e-31	8.7e-29	105.969711303711	0.21	24	126	3	99	1	100	0.93	Thioredoxin		0
P96132	P96132	91	clustalo-3	-	478	8.7e-29	106.0	0.0	1	1	1.1e-31	9.0e-29	105.906883239746	0.00	21	108	3	88	1	91	0.94	Thioredoxin (Fragment)		0
Q8GYD1	Q8GYD1	146	clustalo-3	-	478	8.7e-29	106.0	0.8	1	1	1.3e-31	1.0e-28	105.698928833008	0.83	18	138	22	140	5	145	0.89	Protein disulfide-isomerase 5-1		0
Q39362	Q39362	119	clustalo-3	-	478	8.8e-29	105.9	0.2	1	1	1.2e-31	9.9e-29	105.781028747559	0.20	34	133	24	117	14	119	0.92	Thioredoxin H-type 2		0
Q7KQL8	Q7KQL8	104	clustalo-3	-	478	1.1e-28	105.7	0.2	1	1	1.4e-31	1.1e-28	105.591361999512	0.24	24	129	4	102	1	104	0.92	Thioredoxin 1		0
O83889	O83889	105	clustalo-3	-	478	1.1e-28	105.6	0.0	1	1	1.5e-31	1.2e-28	105.453704833984	0.01	26	129	6	104	2	105	0.95	Thioredoxin		0
Q7XKD0	Q7XKD0	180	clustalo-3	-	478	1.2e-28	105.6	0.0	1	1	1.5e-31	1.3e-28	105.434608459473	0.01	16	133	62	177	39	180	0.91	Thioredoxin X, chloroplastic		0
Q09433	Q09433	115	clustalo-3	-	478	1.5e-28	105.1	0.3	1	1	2.0e-31	1.7e-28	105.006507873535	0.34	29	131	16	113	9	115	0.86	Thioredoxin-1		0
O51088	O51088	117	clustalo-3	-	478	2.0e-28	104.8	0.1	1	1	2.7e-31	2.3e-28	104.584053039551	0.15	18	129	7	114	2	116	0.93	Thioredoxin		0
Q39239	Q39239	119	clustalo-3	-	478	2.3e-28	104.6	0.6	1	1	3.1e-31	2.6e-28	104.419937133789	0.56	29	132	22	116	11	119	0.90	Thioredoxin H4		0
P59527	P59527	109	clustalo-3	-	478	2.4e-28	104.5	0.1	1	1	3.1e-31	2.5e-28	104.423873901367	0.11	23	127	5	105	2	109	0.96	Thioredoxin		0
P34723	P34723	106	clustalo-3	-	478	2.4e-28	104.5	0.1	1	1	3.1e-31	2.6e-28	104.403251647949	0.07	27	124	8	99	1	105	0.88	Thioredoxin		0
P29450	P29450	182	clustalo-3	-	478	2.7e-28	104.3	0.1	1	1	3.9e-31	3.2e-28	104.087837219238	0.07	9	129	58	179	46	182	0.84	Thioredoxin F-type, chloroplastic		0
A4FUW8	A4FUW8	957	clustalo-3	-	478	2.9e-28	104.2	0.0	1	2	6.8e-14	5.6e-11	47.2313117980957	0.00	34	228	120	322	82	355	0.80	Thioredoxin domain-containing protein 11		0
A4FUW8	A4FUW8	957	clustalo-3	-	478	2.9e-28	104.2	0.0	2	2	3.3e-16	2.8e-13	54.8402519226074	0.00	241	464	537	775	456	792	0.70	Thioredoxin domain-containing protein 11		0
Q05739	Q05739	107	clustalo-3	-	478	3.5e-28	104.0	0.0	1	1	5.0e-31	4.2e-28	103.72119140625	0.03	22	122	4	99	2	101	0.95	Thioredoxin		0
P25372	P25372	127	clustalo-3	-	478	3.5e-28	104.0	0.0	1	1	4.5e-31	3.8e-28	103.865821838379	0.02	16	127	21	125	5	127	0.87	Thioredoxin-3, mitochondrial		0
Q9BDJ3	Q9BDJ3	105	clustalo-3	-	478	6.0e-28	103.2	1.9	1	1	8.4e-31	7.0e-28	102.98225402832	1.93	25	128	5	103	2	105	0.91	Thioredoxin		0
Q6Z4I3	Q6Z4I3	138	clustalo-3	-	478	6.5e-28	103.1	0.0	1	1	8.5e-31	7.1e-28	102.959281921387	0.04	15	139	16	137	2	138	0.86	Thioredoxin H2-1		0
P52228	P52228	145	clustalo-3	-	478	6.9e-28	103.0	0.0	1	1	1.1e-30	8.8e-28	102.656997680664	0.01	24	132	38	141	29	143	0.94	Thioredoxin C-3		0
O96952	O96952	106	clustalo-3	-	478	8.1e-28	102.8	0.8	1	1	1.1e-30	9.3e-28	102.576393127441	0.80	27	129	7	105	3	106	0.93	Thioredoxin		0
Q8LD49	Q8LD49	182	clustalo-3	-	478	1.0e-27	102.4	0.0	1	1	1.4e-30	1.1e-27	102.298889160156	0.00	21	131	69	177	42	182	0.91	Thioredoxin X, chloroplastic		0
O97508	O97508	105	clustalo-3	-	478	1.1e-27	102.3	1.4	1	1	1.5e-30	1.2e-27	102.15535736084	1.40	26	127	6	102	2	105	0.90	Thioredoxin		0
P09857	P09857	107	clustalo-3	-	478	1.1e-27	102.3	0.0	1	1	1.5e-30	1.2e-27	102.185089111328	0.03	21	128	2	105	1	107	0.95	Thioredoxin		0
Q38879	Q38879	133	clustalo-3	-	478	1.5e-27	101.9	0.0	1	1	1.8e-30	1.5e-27	101.893035888672	0.03	30	129	39	131	3	133	0.88	Thioredoxin H2		0
Q8K2W3	Q8K2W3	948	clustalo-3	-	478	2.1e-27	101.4	0.0	1	2	2.1e-14	1.8e-11	48.9015045166016	0.01	33	230	115	321	74	374	0.81	Thioredoxin domain-containing protein 11		0
Q8K2W3	Q8K2W3	948	clustalo-3	-	478	2.1e-27	101.4	0.0	2	2	7.6e-15	6.3e-12	50.3608283996582	0.00	238	467	531	775	490	796	0.78	Thioredoxin domain-containing protein 11		0
P29451	P29451	105	clustalo-3	-	478	2.6e-27	101.1	1.4	1	1	3.4e-30	2.8e-27	100.986152648926	1.39	27	128	7	103	2	105	0.89	Thioredoxin		0
P82460	P82460	105	clustalo-3	-	478	3.2e-27	100.8	1.2	1	1	4.1e-30	3.4e-27	100.729438781738	1.15	31	128	11	103	2	105	0.88	Thioredoxin		0
P29448	P29448	114	clustalo-3	-	478	3.7e-27	100.6	0.3	1	1	4.8e-30	4.0e-27	100.473968505859	0.33	28	130	18	113	3	114	0.88	Thioredoxin H1		0
P47370	P47370	102	clustalo-3	-	478	3.8e-27	100.6	0.4	1	1	4.7e-30	3.9e-27	100.508819580078	0.36	24	125	4	99	1	102	0.90	Thioredoxin		0
P10599	P10599	105	clustalo-3	-	478	3.8e-27	100.6	1.3	1	1	5.1e-30	4.2e-27	100.409767150879	1.28	27	128	7	103	2	105	0.90	Thioredoxin		0
P29449	P29449	126	clustalo-3	-	478	4.8e-27	100.2	1.8	1	1	6.6e-30	5.5e-27	100.03197479248	1.76	29	135	25	124	17	126	0.92	Thioredoxin H-type 1		0
P50413	P50413	105	clustalo-3	-	478	5.7e-27	100.0	1.5	1	1	7.2e-30	6.0e-27	99.9066314697266	1.47	31	128	11	103	2	105	0.88	Thioredoxin		0
Q1RQJ1	Q1RQJ1	108	clustalo-3	-	478	8.8e-27	99.4	0.0	1	1	1.1e-29	9.0e-27	99.3261489868164	0.02	34	128	17	105	2	108	0.89	Thioredoxin Asp f 28		0
Q07090	Q07090	118	clustalo-3	-	478	8.9e-27	99.3	0.3	1	1	1.1e-29	9.2e-27	99.280891418457	0.30	34	134	23	116	2	118	0.88	Thioredoxin H-type 2		0
O97680	O97680	105	clustalo-3	-	478	1.0e-26	99.1	1.4	1	1	1.3e-29	1.1e-26	99.0781173706055	1.39	31	128	11	103	2	105	0.88	Thioredoxin		0
Q9DGI3	Q9DGI3	107	clustalo-3	-	478	1.3e-26	98.8	0.5	1	1	1.6e-29	1.3e-26	98.7698822021484	0.45	26	129	6	106	1	107	0.87	Thioredoxin		0
Q8H2V6	Q8H2V6	189	clustalo-3	-	478	1.7e-26	98.4	0.0	1	1	2.4e-29	2.0e-26	98.1737823486328	0.01	14	129	73	188	57	189	0.90	Thioredoxin-like protein CITRX, chloroplastic		0
A2YUQ6	A2YUQ6	189	clustalo-3	-	478	1.7e-26	98.4	0.0	1	1	2.4e-29	2.0e-26	98.1737823486328	0.01	14	129	73	188	57	189	0.90	Thioredoxin-like protein CITRX, chloroplastic		0
P08628	P08628	105	clustalo-3	-	478	2.1e-26	98.1	1.8	1	1	2.8e-29	2.3e-26	97.9492874145508	1.82	26	128	6	103	2	105	0.89	Thioredoxin		0
Q42403	Q42403	118	clustalo-3	-	478	2.6e-26	97.8	2.0	1	1	3.6e-29	3.0e-26	97.6011505126953	2.05	28	130	17	112	3	117	0.88	Thioredoxin H3		0
Q39241	Q39241	118	clustalo-3	-	478	2.7e-26	97.7	1.2	1	1	4.0e-29	3.3e-26	97.4628067016602	1.23	24	129	13	111	7	117	0.91	Thioredoxin H5		0
P75512	P75512	102	clustalo-3	-	478	3.2e-26	97.5	0.2	1	1	3.9e-29	3.2e-26	97.4991302490234	0.17	28	127	8	101	1	102	0.89	Thioredoxin		0
O94504	O94504	133	clustalo-3	-	478	3.8e-26	97.3	0.0	1	1	5.1e-29	4.2e-26	97.1090850830078	0.01	30	122	39	124	12	132	0.85	Thioredoxin-2, mitochondrial		0
Q43636	Q43636	118	clustalo-3	-	478	4.9e-26	96.9	0.3	1	1	6.5e-29	5.4e-26	96.7602691650391	0.26	36	133	26	116	11	118	0.90	Thioredoxin H-type		0
M1A3D5	M1A3D5	175	clustalo-3	-	478	6.9e-26	96.4	0.0	1	1	9.6e-29	7.9e-26	96.2036514282227	0.00	14	128	57	173	37	175	0.89	Thioredoxin-like protein CITRX, chloroplastic		0
O65049	O65049	125	clustalo-3	-	478	7.2e-26	96.3	0.2	1	1	1.0e-28	8.3e-26	96.1371765136719	0.22	30	134	18	115	10	123	0.88	Thioredoxin H-type		0
O64394	O64394	127	clustalo-3	-	478	7.7e-26	96.3	0.2	1	1	9.6e-29	8.0e-26	96.199333190918	0.15	19	121	17	116	1	125	0.80	Thioredoxin H-type		0
P80028	P80028	113	clustalo-3	-	478	1.0e-25	95.8	0.3	1	1	1.3e-28	1.1e-25	95.7664794921875	0.27	35	130	22	111	2	113	0.87	Thioredoxin H-type		0
Q9LKW0	Q9LKW0	175	clustalo-3	-	478	1.3e-25	95.5	0.0	1	1	1.8e-28	1.5e-25	95.3258209228516	0.00	14	128	58	173	36	175	0.88	Thioredoxin-like protein CITRX, chloroplastic		0
P0A4L3	P0A4L3	103	clustalo-3	-	478	1.9e-25	94.9	0.0	1	1	2.5e-28	2.1e-25	94.8103332519531	0.02	23	129	2	102	1	103	0.95	Thioredoxin		0
P0A4L4	P0A4L4	103	clustalo-3	-	478	1.9e-25	94.9	0.0	1	1	2.5e-28	2.1e-25	94.8103332519531	0.02	23	129	2	102	1	103	0.95	Thioredoxin		0
Q6JE38	Q6JE38	181	clustalo-3	-	478	2.0e-25	94.9	0.0	1	1	2.8e-28	2.3e-25	94.6753463745117	0.00	6	128	55	179	43	181	0.89	Thioredoxin-like protein CITRX1, chloroplastic		0
Q7XQQ2	Q7XQQ2	175	clustalo-3	-	478	2.2e-25	94.8	0.1	1	1	2.9e-28	2.4e-25	94.61279296875	0.06	23	133	67	173	45	175	0.91	Thioredoxin M3, chloroplastic		0
P11232	P11232	105	clustalo-3	-	478	2.4e-25	94.6	2.5	1	1	3.0e-28	2.5e-25	94.5736312866211	2.53	24	126	4	101	1	105	0.91	Thioredoxin		0
P10639	P10639	105	clustalo-3	-	478	2.4e-25	94.6	2.3	1	1	3.0e-28	2.5e-25	94.5635681152344	2.26	24	126	4	101	1	105	0.91	Thioredoxin		0
Q96419	Q96419	116	clustalo-3	-	478	2.9e-25	94.3	0.6	1	1	4.0e-28	3.4e-25	94.1366806030273	0.64	28	124	17	107	7	113	0.91	Thioredoxin H-type		0
P47938	P47938	107	clustalo-3	-	478	2.9e-25	94.3	0.0	1	1	3.9e-28	3.2e-25	94.1996383666992	0.02	33	131	13	106	3	107	0.92	Thioredoxin-1		0
Q98TX1	Q98TX1	105	clustalo-3	-	478	3.0e-25	94.3	0.9	1	1	3.8e-28	3.2e-25	94.2115325927734	0.85	30	129	10	104	2	105	0.90	Thioredoxin		0
Q851R5	Q851R5	134	clustalo-3	-	478	3.8e-25	94.0	0.1	1	1	4.8e-28	3.9e-25	93.9053268432617	0.05	9	133	5	132	1	134	0.83	Thioredoxin H2-2		0
Q6JE37	Q6JE37	181	clustalo-3	-	478	4.3e-25	93.8	0.0	1	1	6.1e-28	5.0e-25	93.5600891113281	0.00	14	128	64	179	42	181	0.88	Thioredoxin-like protein CITRX2, chloroplastic		0
P60226	P60226	107	clustalo-3	-	478	4.5e-25	93.7	0.0	1	1	6.0e-28	5.0e-25	93.5630722045898	0.03	29	131	8	106	2	107	0.92	Thioredoxin-1		0
Q9M7X9	Q9M7X9	183	clustalo-3	-	478	5.1e-25	93.5	0.0	1	1	7.0e-28	5.8e-25	93.348274230957	0.00	15	128	69	181	47	183	0.88	Thioredoxin-like protein CITRX, chloroplastic		0
Q5R9M3	Q5R9M3	106	clustalo-3	-	478	5.5e-25	93.4	1.4	1	1	7.3e-28	6.0e-25	93.2973556518555	1.39	27	128	7	104	2	106	0.87	Thioredoxin		0
P68177	P68177	123	clustalo-3	-	478	6.6e-25	93.2	1.8	1	1	8.4e-28	6.9e-25	93.0978546142578	1.78	31	133	26	121	3	123	0.86	Thioredoxin H-type 1		0
P68176	P68176	123	clustalo-3	-	478	6.6e-25	93.2	1.8	1	1	8.4e-28	6.9e-25	93.0978546142578	1.78	31	133	26	121	3	123	0.86	Thioredoxin H-type		0
O64432	O64432	123	clustalo-3	-	478	9.0e-25	92.7	1.7	1	1	1.2e-27	9.6e-25	92.625114440918	1.67	31	133	26	121	5	123	0.87	Thioredoxin H-type		0
P08629	P08629	105	clustalo-3	-	478	1.2e-24	92.3	1.3	1	1	1.6e-27	1.3e-24	92.1951293945312	1.33	31	129	11	104	3	105	0.90	Thioredoxin		0
Q8LEK4	Q8LEK4	221	clustalo-3	-	478	1.2e-24	92.3	0.2	1	1	2.2e-27	1.8e-24	91.6948852539062	0.17	13	147	79	216	63	221	0.82	Thioredoxin-like 2-1, chloroplastic		0
Q75GM1	Q75GM1	135	clustalo-3	-	478	1.4e-24	92.1	0.1	1	1	2.0e-27	1.7e-24	91.8518524169922	0.08	15	133	15	130	2	133	0.88	Thioredoxin H5		0
P86235	P86235	208	clustalo-3	-	478	2.5e-24	91.3	4.5	1	2	1.2e-17	9.6e-15	59.6577758789062	0.98	83	354	5	180	2	181	0.74	Protein disulfide-isomerase A3 (Fragments)		0
P86235	P86235	208	clustalo-3	-	478	2.5e-24	91.3	4.5	2	2	4.3e-08	3.6e-05	28.0893783569336	0.13	408	437	180	208	179	208	0.95	Protein disulfide-isomerase A3 (Fragments)		0
Q8KEA4	Q8KEA4	101	clustalo-3	-	478	2.7e-24	91.1	0.0	1	1	3.7e-27	3.1e-24	90.9669723510742	0.02	30	128	4	98	2	101	0.88	Thioredoxin 1		0
P20857	P20857	111	clustalo-3	-	478	3.1e-24	90.9	0.0	1	1	4.0e-27	3.3e-24	90.846061706543	0.01	21	132	3	110	1	111	0.96	Thioredoxin 2		0
Q5UR25	Q5UR25	346	clustalo-3	-	478	1.1e-23	89.1	1.7	1	1	8.4e-26	7.0e-23	86.4929504394531	0.03	35	129	247	343	227	346	0.90	Thioredoxin domain-containing protein R362		0
Q9AS75	Q9AS75	131	clustalo-3	-	478	1.9e-23	88.3	0.3	1	1	2.5e-26	2.1e-23	88.2448120117188	0.26	19	127	20	125	4	131	0.86	Thioredoxin H4-1		0
Q0DKF1	Q0DKF1	132	clustalo-3	-	478	2.2e-23	88.1	0.1	1	1	2.9e-26	2.4e-23	88.040153503418	0.05	19	128	21	127	6	132	0.86	Thioredoxin H4-2		0
Q9XIF4	Q9XIF4	129	clustalo-3	-	478	3.3e-23	87.6	0.0	1	1	4.0e-26	3.3e-23	87.5536575317383	0.01	29	129	34	127	3	129	0.87	Thioredoxin H7		0
P73263	P73263	109	clustalo-3	-	478	3.6e-23	87.5	0.0	1	1	4.7e-26	3.9e-23	87.3232345581055	0.05	24	129	4	105	1	107	0.95	Thioredoxin-like protein slr1139		0
Q8VWG7	Q8VWG7	380	clustalo-3	-	478	4.6e-23	87.1	2.0	1	1	8.4e-26	7.0e-23	86.4875564575195	0.05	34	132	288	379	268	380	0.88	TPR repeat-containing thioredoxin TDX		0
Q9C9Y6	Q9C9Y6	140	clustalo-3	-	478	1.4e-22	85.5	0.0	1	1	1.8e-25	1.5e-22	85.3789215087891	0.05	17	127	20	127	3	138	0.85	Thioredoxin H9		0
C9K7C5	C9K7C5	118	clustalo-3	-	478	1.6e-22	85.3	0.2	1	1	2.3e-25	1.9e-22	85.0262985229492	0.24	25	131	10	110	3	115	0.91	Thioredoxin AMT13		0
P85801	P85801	139	clustalo-3	-	478	2.0e-22	85.0	0.0	1	1	2.7e-25	2.2e-22	84.8452987670898	0.01	19	126	23	127	3	137	0.86	Thioredoxin H-type		0
O14958	O14958	399	clustalo-3	-	478	4.0e-22	84.0	2.0	1	1	4.6e-24	3.8e-21	80.7566986083984	2.43	63	352	80	386	76	397	0.83	Calsequestrin-2		0
P12637	P12637	410	clustalo-3	-	478	4.2e-22	83.9	1.5	1	1	9.4e-24	7.8e-21	79.7375106811523	1.62	62	342	79	376	76	389	0.84	Calsequestrin-2		0
Q69AB1	Q69AB1	127	clustalo-3	-	478	5.7e-22	83.5	0.0	1	1	8.9e-25	7.4e-22	83.1136474609375	0.03	30	110	10	88	3	93	0.90	Thioredoxin domain-containing protein 8		0
Q9LXZ8	Q9LXZ8	154	clustalo-3	-	478	6.5e-22	83.3	0.3	1	1	8.6e-25	7.1e-22	83.169807434082	0.27	29	121	53	138	18	147	0.89	Putative thioredoxin H10		0
P31235	P31235	409	clustalo-3	-	478	8.3e-22	82.9	2.4	1	1	1.6e-23	1.3e-20	78.9829483032227	2.40	63	348	80	382	76	391	0.84	Calsequestrin-2		0
Q9SEU7	Q9SEU7	173	clustalo-3	-	478	1.5e-21	82.1	0.0	1	1	2.0e-24	1.7e-21	81.92529296875	0.00	19	128	64	169	42	173	0.86	Thioredoxin M3, chloroplastic		0
Q5RAN9	Q5RAN9	400	clustalo-3	-	478	2.6e-21	81.3	1.6	1	1	2.7e-23	2.2e-20	78.2427597045898	1.86	63	350	80	384	76	397	0.83	Calsequestrin-2		0
Q69AB2	Q69AB2	127	clustalo-3	-	478	2.8e-21	81.2	0.1	1	1	4.2e-24	3.5e-21	80.8972702026367	0.14	35	110	17	88	4	93	0.90	Thioredoxin domain-containing protein 8		0
P51868	P51868	413	clustalo-3	-	478	3.7e-21	80.8	1.4	1	1	4.5e-24	3.7e-21	80.7970123291016	1.41	63	345	80	379	76	396	0.84	Calsequestrin-2		0
Q9CQM9	Q9CQM9	337	clustalo-3	-	478	3.8e-21	80.8	0.4	1	1	5.6e-24	4.7e-21	80.4753341674805	0.45	17	270	10	235	2	300	0.68	Glutaredoxin-3		0
Q9JLZ1	Q9JLZ1	337	clustalo-3	-	478	5.7e-21	80.2	0.5	1	1	7.8e-24	6.4e-21	80.0140151977539	0.55	15	268	8	233	1	300	0.68	Glutaredoxin-3		0
Q8LCT3	Q8LCT3	236	clustalo-3	-	478	6.3e-21	80.1	0.4	1	1	9.9e-24	8.2e-21	79.662239074707	0.38	16	106	99	187	74	195	0.90	Thioredoxin-like 2-2, chloroplastic		0
Q5XHX6	Q5XHX6	550	clustalo-3	-	478	6.5e-21	80.0	0.2	1	1	7.8e-24	6.5e-21	80.0060653686523	0.23	19	129	444	545	427	549	0.84	Thioredoxin domain-containing protein 2		0
P81109	P81109	105	clustalo-3	-	478	9.2e-21	79.5	0.0	1	1	1.1e-23	9.3e-21	79.4802856445312	0.03	25	111	3	87	1	105	0.89	Thioredoxin		0
P21609	P21609	107	clustalo-3	-	478	1.1e-20	79.2	0.0	1	1	1.4e-23	1.2e-20	79.1413803100586	0.00	25	130	3	105	1	107	0.91	Thioredoxin		0
O23166	O23166	261	clustalo-3	-	478	1.1e-20	79.2	0.0	1	1	1.9e-23	1.6e-20	78.7396621704102	0.02	27	133	127	231	97	254	0.87	Thioredoxin-like protein HCF164, chloroplastic		0
Q5TKD8	Q5TKD8	216	clustalo-3	-	478	1.2e-20	79.1	0.1	1	1	1.7e-23	1.4e-20	78.9027862548828	0.13	14	106	72	163	51	192	0.87	Thioredoxin-like 2, chloroplastic		0
Q7Y0D4	Q7Y0D4	262	clustalo-3	-	478	1.8e-20	78.5	0.0	1	1	2.7e-23	2.2e-20	78.2532043457031	0.02	24	133	125	232	94	256	0.83	Thioredoxin-like protein HCF164, chloroplastic		0
P31415	P31415	396	clustalo-3	-	478	2.4e-20	78.1	1.4	1	1	2.9e-23	2.4e-20	78.1236114501953	1.42	61	338	93	387	91	395	0.82	Calsequestrin-1		0
Q9CAS1	Q9CAS1	148	clustalo-3	-	478	5.4e-20	77.0	0.1	1	1	7.9e-23	6.6e-20	76.6820526123047	0.11	34	130	55	144	36	146	0.88	Thioredoxin H8		0
O09161	O09161	415	clustalo-3	-	478	6.1e-20	76.8	2.3	1	1	1.1e-22	9.2e-20	76.2063903808594	2.25	63	345	80	379	76	396	0.83	Calsequestrin-2		0
Q5UR29	Q5UR29	137	clustalo-3	-	478	1.1e-19	76.0	0.1	1	1	1.4e-22	1.2e-19	75.8569793701172	0.08	21	110	32	119	7	135	0.83	Thioredoxin-like protein R548		0
Q9P4X1	Q9P4X1	632	clustalo-3	-	478	1.4e-19	75.6	0.9	1	1	8.0e-20	6.7e-17	66.7706680297852	0.04	66	292	222	460	207	485	0.79	Thioredoxin domain-containing protein C959.05c		0
P07221	P07221	395	clustalo-3	-	478	1.6e-19	75.4	2.5	1	1	2.0e-22	1.6e-19	75.3956451416016	2.50	61	343	87	386	85	395	0.82	Calsequestrin-1		0
Q58DA7	Q58DA7	334	clustalo-3	-	478	1.8e-19	75.3	0.1	1	1	2.5e-22	2.1e-19	75.0321807861328	0.07	16	204	6	178	2	290	0.74	Glutaredoxin-3		0
P31231	P31231	420	clustalo-3	-	478	2.7e-19	74.7	0.3	1	1	4.3e-22	3.6e-19	74.2475357055664	0.33	61	342	81	379	79	395	0.79	Calsequestrin-1		0
Q8C0L0	Q8C0L0	335	clustalo-3	-	478	4.5e-19	73.9	0.0	1	1	9.7e-22	8.0e-19	73.1001129150391	0.02	13	138	16	143	5	160	0.87	Thioredoxin-related transmembrane protein 4		0
Q6P902	Q6P902	515	clustalo-3	-	478	4.6e-19	73.9	0.2	1	1	5.5e-22	4.6e-19	73.9075241088867	0.21	21	116	411	502	389	513	0.85	Thioredoxin domain-containing protein 2		0
P19204	P19204	406	clustalo-3	-	478	4.6e-19	73.9	1.2	1	1	9.2e-22	7.6e-19	73.1799468994141	1.23	62	343	79	377	76	392	0.82	Calsequestrin-2		0
O09165	O09165	405	clustalo-3	-	478	6.2e-19	73.5	1.3	1	1	1.3e-21	1.1e-18	72.7022247314453	1.26	61	342	93	391	91	401	0.78	Calsequestrin-1		0
P19633	P19633	406	clustalo-3	-	478	6.4e-19	73.4	1.4	1	1	7.7e-22	6.4e-19	73.4203109741211	1.43	61	342	93	391	91	401	0.79	Calsequestrin-1		0
Q6ES52	Q6ES52	317	clustalo-3	-	478	7.9e-19	73.1	2.3	1	1	2.2e-21	1.8e-18	71.9199066162109	0.14	19	129	207	314	188	317	0.80	TPR repeat-containing thioredoxin TDX		0
P21610	P21610	110	clustalo-3	-	478	8.1e-19	73.1	0.0	1	1	1.1e-21	9.0e-19	72.9420318603516	0.01	24	130	6	109	2	110	0.93	Thioredoxin		0
Q9H1E5	Q9H1E5	349	clustalo-3	-	478	8.2e-19	73.1	0.0	1	1	9.9e-22	8.2e-19	73.0756683349609	0.01	13	138	22	147	8	164	0.87	Thioredoxin-related transmembrane protein 4		0
P29447	P29447	104	clustalo-3	-	478	1.1e-18	72.6	0.1	1	1	1.4e-21	1.2e-18	72.5852432250977	0.07	21	127	3	101	1	104	0.88	Thioredoxin-3		0
Q86VQ3	Q86VQ3	553	clustalo-3	-	478	1.3e-18	72.4	0.9	1	1	1.5e-21	1.3e-18	72.4422988891602	0.91	15	121	443	544	423	552	0.87	Thioredoxin domain-containing protein 2		0
Q54KN7	Q54KN7	105	clustalo-3	-	478	4.5e-18	70.6	0.3	1	1	6.0e-21	5.0e-18	70.4890365600586	0.27	27	129	7	104	3	105	0.92	Putative thioredoxin-5		0
O76003	O76003	335	clustalo-3	-	478	7.7e-18	69.9	0.2	1	1	1.1e-20	8.9e-18	69.6523590087891	0.16	22	206	13	181	2	297	0.70	Glutaredoxin-3		0
Q9ZU40	Q9ZU40	495	clustalo-3	-	478	1.0e-17	69.4	2.6	1	1	2.7e-19	2.3e-16	65.0210647583008	0.49	15	133	29	166	4	179	0.77	Sulfhydryl oxidase 2		0
P77395	P77395	284	clustalo-3	-	478	3.5e-17	67.7	0.0	1	1	4.2e-20	3.5e-17	67.7039489746094	0.00	22	147	5	126	1	242	0.87	Chaperedoxin		0
Q6AUC6	Q6AUC6	513	clustalo-3	-	478	6.1e-17	66.9	8.2	1	1	3.0e-18	2.5e-15	61.6071281433105	0.82	18	100	42	132	12	138	0.82	Sulfhydryl oxidase 1		0
Q28ID3	Q28ID3	326	clustalo-3	-	478	6.4e-17	66.8	0.1	1	1	8.0e-20	6.7e-17	66.7741470336914	0.07	27	140	9	117	2	261	0.84	Glutaredoxin-3		0
O74790	O74790	244	clustalo-3	-	478	6.4e-17	66.8	0.0	1	1	9.1e-20	7.6e-17	66.5893402099609	0.05	29	148	9	124	2	171	0.84	Monothiol glutaredoxin-4		0
O22779	O22779	273	clustalo-3	-	478	6.5e-17	66.8	1.1	1	1	1.6e-19	1.4e-16	65.7471694946289	1.14	34	141	109	213	73	267	0.75	Thioredoxin-like 1-3, chloroplastic		0
Q0IWL9	Q0IWL9	491	clustalo-3	-	478	6.9e-17	66.7	1.8	1	1	6.9e-19	5.7e-16	63.6962661743164	1.82	25	138	7	113	2	309	0.83	Monothiol glutaredoxin-S11		0
Q8GXV2	Q8GXV2	154	clustalo-3	-	478	1.7e-16	65.4	0.0	1	1	2.3e-19	1.9e-16	65.2793655395508	0.02	30	121	54	138	22	150	0.87	Thioredoxin-like protein CXXS2		0
Q9ZPH2	Q9ZPH2	488	clustalo-3	-	478	2.5e-16	64.9	0.1	1	1	8.7e-19	7.2e-16	63.3622207641602	0.06	24	135	7	111	2	123	0.89	Monothiol glutaredoxin-S17		0
P73920	P73920	180	clustalo-3	-	478	2.8e-16	64.7	0.0	1	1	3.8e-19	3.2e-16	64.5324096679688	0.00	35	131	49	143	19	164	0.84	Thiol:disulfide interchange protein TxlA homolog		0
Q8IDP4	Q8IDP4	157	clustalo-3	-	478	8.1e-16	63.2	0.0	1	1	1.2e-18	9.6e-16	62.9542121887207	0.02	26	129	57	156	50	157	0.88	Thioredoxin 2		0
P29446	P29446	88	clustalo-3	-	478	1.0e-15	62.9	0.0	1	1	1.2e-18	1.0e-15	62.8566055297852	0.02	22	110	4	87	1	88	0.86	Thioredoxin-2 (Fragment)		0
P29445	P29445	105	clustalo-3	-	478	1.0e-15	62.9	0.0	1	1	1.3e-18	1.0e-15	62.8297271728516	0.01	26	118	9	94	1	103	0.83	Thioredoxin-1		0
Q6A555	Q6A555	127	clustalo-3	-	478	1.3e-15	62.5	0.3	1	1	1.9e-18	1.6e-15	62.2363891601562	0.33	27	108	7	86	2	91	0.92	Thioredoxin domain-containing protein 8		0
P96611	P96611	106	clustalo-3	-	478	1.4e-15	62.4	0.1	1	1	1.9e-18	1.6e-15	62.2652435302734	0.06	25	129	4	104	1	106	0.87	Thioredoxin-like protein YdbP		0
Q6YTI3	Q6YTI3	214	clustalo-3	-	478	1.4e-15	62.4	0.1	1	1	2.1e-18	1.8e-15	62.0832824707031	0.09	33	141	100	209	79	213	0.92	Thioredoxin-like 4, chloroplastic		0
Q8CDN6	Q8CDN6	289	clustalo-3	-	478	1.5e-15	62.3	0.0	1	1	2.8e-18	2.3e-15	61.6829986572266	0.01	28	134	10	111	3	125	0.88	Thioredoxin-like protein 1		0
Q920J4	Q920J4	289	clustalo-3	-	478	1.7e-15	62.2	0.0	1	1	3.1e-18	2.6e-15	61.5526275634766	0.00	28	133	10	110	3	124	0.89	Thioredoxin-like protein 1		0
O43396	O43396	289	clustalo-3	-	478	1.7e-15	62.2	0.0	1	1	3.1e-18	2.6e-15	61.5526275634766	0.00	28	133	10	110	3	124	0.89	Thioredoxin-like protein 1		0
Q8W4J3	Q8W4J3	528	clustalo-3	-	478	1.8e-15	62.1	4.4	1	1	1.4e-17	1.1e-14	59.4090042114258	0.57	15	133	35	172	8	244	0.72	Sulfhydryl oxidase 1		0
O64654	O64654	275	clustalo-3	-	478	1.9e-15	61.9	0.1	1	1	2.9e-18	2.4e-15	61.6475028991699	0.08	29	107	106	182	71	257	0.84	Thioredoxin-like 1-1, chloroplastic		0
O64764	O64764	194	clustalo-3	-	478	2.6e-15	61.5	0.0	1	1	3.8e-18	3.1e-15	61.2659759521484	0.01	7	129	75	192	61	194	0.80	Thioredoxin O1, mitochondrial		0
Q655X0	Q655X0	174	clustalo-3	-	478	4.5e-15	60.8	0.0	1	1	6.1e-18	5.1e-15	60.5702362060547	0.00	14	129	54	170	39	174	0.84	Thioredoxin O, mitochondrial		0
P32642	P32642	244	clustalo-3	-	478	4.9e-15	60.6	0.1	1	1	6.3e-18	5.2e-15	60.5321807861328	0.09	21	153	2	129	1	215	0.81	Monothiol glutaredoxin-4		0
Q9P2K2	Q9P2K2	825	clustalo-3	-	478	5.1e-15	60.6	0.0	1	1	1.6e-16	1.3e-13	55.9107856750488	0.00	23	349	393	740	374	743	0.81	Thioredoxin domain-containing protein 16		0
Q96DN0	Q96DN0	273	clustalo-3	-	478	5.3e-15	60.5	0.0	1	1	8.2e-18	6.8e-15	60.153377532959	0.02	137	341	43	262	36	272	0.81	Endoplasmic reticulum resident protein 27		0
Q86H62	Q86H62	240	clustalo-3	-	478	7.9e-15	59.9	1.2	1	1	2.2e-17	1.8e-14	58.7191925048828	1.24	25	138	5	115	2	190	0.78	Glutaredoxin-3 homolog		0
Q5XJ54	Q5XJ54	326	clustalo-3	-	478	9.8e-15	59.6	0.0	1	1	1.8e-17	1.5e-14	59.041332244873	0.01	27	127	9	104	2	109	0.87	Glutaredoxin 3		0
Q6Z4N3	Q6Z4N3	279	clustalo-3	-	478	1.3e-14	59.2	0.0	1	1	1.9e-17	1.6e-14	58.9180870056152	0.03	29	107	102	178	83	238	0.87	Thioredoxin-like 1-1, chloroplastic		0
Q8LDI5	Q8LDI5	118	clustalo-3	-	478	1.6e-14	58.9	0.2	1	1	2.2e-17	1.8e-14	58.7418556213379	0.24	23	127	5	106	2	115	0.83	Thioredoxin-like protein CXXS1		0
Q32L47	Q32L47	272	clustalo-3	-	478	3.8e-14	57.7	0.1	1	1	6.0e-17	5.0e-14	57.302059173584	0.12	135	339	40	259	33	271	0.78	Endoplasmic reticulum resident protein 27		0
Q1ZXE0	Q1ZXE0	104	clustalo-3	-	478	6.4e-14	56.9	0.0	1	1	8.7e-17	7.3e-14	56.7581329345703	0.01	34	122	15	96	2	103	0.85	Putative thioredoxin-4		0
Q93VQ9	Q93VQ9	159	clustalo-3	-	478	7.0e-14	56.8	0.0	1	1	8.9e-17	7.4e-14	56.7301788330078	0.02	14	116	40	145	16	159	0.78	Thioredoxin O2, mitochondrial		0
Q9XFI1	Q9XFI1	245	clustalo-3	-	478	7.9e-14	56.6	0.0	1	1	1.1e-16	9.0e-14	56.4541625976562	0.03	16	106	81	169	26	197	0.86	Thioredoxin-like 1-2, chloroplastic		0
A0A509AQW5	A0A509AQW5	157	clustalo-3	-	478	9.0e-14	56.5	0.0	1	1	1.1e-16	9.2e-14	56.4149208068848	0.03	24	111	56	140	30	157	0.82	Thioredoxin 2		0
Q0J9V5	Q0J9V5	133	clustalo-3	-	478	9.8e-14	56.3	0.2	1	1	1.4e-16	1.1e-13	56.101016998291	0.17	20	120	12	110	7	128	0.83	Thioredoxin-like protein CXXS1		0
Q10M18	Q10M18	279	clustalo-3	-	478	1.1e-13	56.2	0.1	1	1	1.5e-16	1.3e-13	55.9675788879395	0.07	29	106	104	178	73	249	0.85	Thioredoxin-like 1-2, chloroplastic		0
Q7TN22	Q7TN22	820	clustalo-3	-	478	1.7e-13	55.6	0.1	1	1	7.4e-15	6.1e-12	50.4057502746582	0.00	24	149	395	516	391	733	0.83	Thioredoxin domain-containing protein 16		0
P92979	P92979	465	clustalo-3	-	478	2.9e-13	54.8	0.2	1	1	7.7e-16	6.4e-13	53.6482620239258	0.02	367	456	371	462	337	463	0.80	5'-adenylylsulfate reductase 1, chloroplastic		0
P92980	P92980	458	clustalo-3	-	478	3.1e-13	54.7	0.0	1	1	7.9e-16	6.5e-13	53.615550994873	0.01	351	456	346	455	332	456	0.83	5'-adenylylsulfate reductase 3, chloroplastic		0
P35088	P35088	191	clustalo-3	-	478	4.1e-13	54.3	0.0	1	1	5.6e-16	4.7e-13	54.0969734191895	0.00	31	140	50	157	15	175	0.79	Thiol:disulfide interchange protein TxlA		0
O22229	O22229	529	clustalo-3	-	478	4.4e-13	54.2	0.0	1	1	7.7e-16	6.4e-13	53.6345863342285	0.02	35	128	439	527	424	529	0.92	NADPH-dependent thioredoxin reductase 3		0
Q9C5C5	Q9C5C5	204	clustalo-3	-	478	6.5e-13	53.6	0.1	1	1	8.6e-16	7.2e-13	53.4783973693848	0.06	34	132	103	202	64	204	0.91	Thioredoxin-like 4, chloroplastic		0
Q9FG36	Q9FG36	210	clustalo-3	-	478	9.7e-13	53.0	0.2	1	1	1.7e-15	1.4e-12	52.5290031433105	0.10	38	118	118	194	84	207	0.89	Thioredoxin-like 3-1, chloroplastic		0
Q03835	Q03835	250	clustalo-3	-	478	9.8e-13	53.0	0.1	1	1	1.4e-15	1.2e-12	52.7811241149902	0.11	28	132	9	114	1	215	0.80	Monothiol glutaredoxin-3		0
Q84NN4	Q84NN4	301	clustalo-3	-	478	2.4e-12	51.7	0.0	1	2	2.4e-07	0.0002	25.6078147888184	0.00	19	151	71	203	49	211	0.90	Thioredoxin-like protein CDSP32, chloroplastic		0
Q84NN4	Q84NN4	301	clustalo-3	-	478	2.4e-12	51.7	0.0	2	2	7.8e-07	0.00065	23.9485206604004	0.00	50	116	219	283	219	296	0.85	Thioredoxin-like protein CDSP32, chloroplastic		0
Q9D8U3	Q9D8U3	272	clustalo-3	-	478	2.7e-12	51.6	0.0	1	1	4.0e-15	3.3e-12	51.2772026062012	0.01	146	340	52	261	35	270	0.80	Endoplasmic reticulum resident protein 27		0
Q84P95	Q84P95	311	clustalo-3	-	478	3.0e-12	51.4	0.0	1	1	5.0e-15	4.1e-12	50.9642601013184	0.00	34	136	73	169	53	192	0.84	5'-adenylylsulfate reductase-like 3		0
Q70G58	Q70G58	515	clustalo-3	-	478	3.0e-12	51.4	0.1	1	1	5.2e-15	4.3e-12	50.9115715026855	0.06	36	128	426	513	418	515	0.92	Thioredoxin reductase NTRC		0
P92981	P92981	454	clustalo-3	-	478	7.6e-12	50.1	0.0	1	1	2.0e-14	1.7e-11	48.9857788085938	0.04	367	455	360	450	330	452	0.61	5'-adenylylsulfate reductase 2, chloroplastic		0
Q7Y0E8	Q7Y0E8	569	clustalo-3	-	478	8.4e-12	49.9	0.1	1	2	2.5e-06	0.0021	22.2788009643555	0.02	24	81	20	77	3	87	0.77	Probable nucleoredoxin 1-1		0
Q7Y0E8	Q7Y0E8	569	clustalo-3	-	478	8.4e-12	49.9	0.1	2	2	4.4e-05	0.037	18.1614646911621	0.06	39	69	360	390	357	400	0.81	Probable nucleoredoxin 1-1		0
Q8VZT6	Q8VZT6	192	clustalo-3	-	478	1.1e-11	49.6	0.0	1	1	1.6e-14	1.3e-11	49.2842292785645	0.04	40	120	100	176	84	190	0.85	Thioredoxin-like 3-2, chloroplastic		0
O18934	O18934	160	clustalo-3	-	478	2.0e-11	48.7	0.9	1	1	3.9e-14	3.2e-11	48.0237350463867	0.93	99	233	7	143	6	157	0.87	Calsequestrin-2 (Fragment)		0
Q96J42	Q96J42	360	clustalo-3	-	478	3.3e-11	48.0	0.0	1	1	6.3e-14	5.2e-11	47.340202331543	0.00	36	133	206	298	198	311	0.91	Thioredoxin domain-containing protein 15		0
Q0IHI1	Q0IHI1	342	clustalo-3	-	478	3.3e-11	48.0	0.0	1	1	7.0e-14	5.8e-11	47.1910057067871	0.00	36	132	188	279	171	293	0.92	Thioredoxin domain-containing protein 15		0
Q6Z4A7	Q6Z4A7	475	clustalo-3	-	478	3.8e-11	47.8	0.0	1	1	1.1e-13	9.4e-11	46.4990196228027	0.00	32	126	372	471	356	475	0.67	Probable 5'-adenylylsulfate reductase 1, chloroplastic		0
Q6Z7L3	Q6Z7L3	193	clustalo-3	-	478	4.3e-11	47.6	0.1	1	1	6.3e-14	5.2e-11	47.3335342407227	0.13	31	119	97	178	67	187	0.83	Thioredoxin-like 3-1, chloroplastic		0
Q9D710	Q9D710	295	clustalo-3	-	478	4.5e-11	47.6	0.0	1	1	7.8e-14	6.5e-11	47.0323829650879	0.02	27	108	142	229	116	239	0.82	Thioredoxin-related transmembrane protein 2		0
Q5XIK2	Q5XIK2	295	clustalo-3	-	478	5.2e-11	47.4	0.0	1	1	8.5e-14	7.1e-11	46.9021339416504	0.03	27	108	142	229	116	239	0.82	Thioredoxin-related transmembrane protein 2		0
Q99316	Q99316	277	clustalo-3	-	478	7.9e-11	46.7	3.2	1	1	8.6e-13	7.1e-10	43.5915794372559	0.45	15	82	22	92	5	118	0.70	Protein disulfide isomerase MPD2		0
O31820	O31820	170	clustalo-3	-	478	8.1e-11	46.7	0.5	1	1	1.5e-11	1.3e-08	39.4825744628906	0.07	34	96	55	112	16	112	0.85	Thioredoxin-like protein YneN		0
Q9CP40	Q9CP40	576	clustalo-3	-	478	8.4e-11	46.7	0.0	1	1	1.4e-13	1.1e-10	46.2154922485352	0.00	36	129	471	568	451	576	0.86	Thiol:disulfide interchange protein DsbD		0
Q5RF53	Q5RF53	296	clustalo-3	-	478	9.4e-11	46.5	0.0	1	1	1.5e-13	1.3e-10	46.0465927124023	0.03	27	108	142	229	117	239	0.81	Thioredoxin-related transmembrane protein 2		0
Q2TBU2	Q2TBU2	296	clustalo-3	-	478	1.1e-10	46.3	0.0	1	1	1.8e-13	1.5e-10	45.8021697998047	0.02	28	108	143	229	118	239	0.81	Thioredoxin-related transmembrane protein 2		0
Q4R5B4	Q4R5B4	296	clustalo-3	-	478	1.1e-10	46.3	0.0	1	1	1.8e-13	1.5e-10	45.839786529541	0.04	27	108	142	229	117	239	0.81	Thioredoxin-related transmembrane protein 2		0
P9WG60	P9WG60	304	clustalo-3	-	478	1.1e-10	46.3	0.0	1	1	1.8e-13	1.5e-10	45.8004112243652	0.04	17	147	39	167	21	208	0.85	Uncharacterized protein MT1366		3
Q5BJT4	Q5BJT4	343	clustalo-3	-	478	1.4e-10	46.0	0.0	1	1	2.5e-13	2.1e-10	45.3760681152344	0.00	36	133	189	281	180	294	0.90	Thioredoxin domain-containing protein 15		0
O34357	O34357	107	clustalo-3	-	478	1.4e-10	45.9	1.0	1	1	1.9e-13	1.5e-10	45.7911033630371	1.03	38	131	16	105	2	107	0.88	Thioredoxin-like protein YtpP		0
Q6P6J9	Q6P6J9	344	clustalo-3	-	478	1.4e-10	45.9	0.0	1	1	2.5e-13	2.1e-10	45.3341636657715	0.00	36	133	190	282	181	295	0.90	Thioredoxin domain-containing protein 15		0
Q5UQN5	Q5UQN5	164	clustalo-3	-	478	1.6e-10	45.7	0.0	1	1	2.2e-13	1.8e-10	45.5539016723633	0.05	368	459	71	162	45	164	0.83	Thioredoxin domain-containing protein R443		0
Q9Y320	Q9Y320	296	clustalo-3	-	478	1.8e-10	45.5	0.0	1	1	3.0e-13	2.5e-10	45.1032676696777	0.03	27	108	142	229	117	239	0.81	Thioredoxin-related transmembrane protein 2		0
A5UI29	A5UI29	579	clustalo-3	-	478	2.3e-10	45.2	0.0	1	1	4.1e-13	3.4e-10	44.6408233642578	0.03	26	129	469	578	451	579	0.84	Thiol:disulfide interchange protein DsbD		0
Q503L9	Q503L9	418	clustalo-3	-	478	2.6e-10	45.0	0.8	1	2	8.8e-05	0.073	17.1827564239502	0.01	19	85	157	223	134	229	0.79	Nucleoredoxin		0
Q503L9	Q503L9	418	clustalo-3	-	478	2.6e-10	45.0	0.8	2	2	9.8e-05	0.081	17.0272808074951	0.01	241	339	304	416	290	418	0.78	Nucleoredoxin		0
Q6DFS0	Q6DFS0	287	clustalo-3	-	478	3.3e-10	44.7	0.0	1	1	5.8e-13	4.8e-10	44.1660346984863	0.01	22	111	137	232	115	241	0.80	Thioredoxin-related transmembrane protein 2		0
Q8LCH9	Q8LCH9	126	clustalo-3	-	478	3.5e-10	44.6	0.0	1	1	4.6e-13	3.8e-10	44.4831504821777	0.01	32	110	37	109	14	120	0.87	Thioredoxin-like 3-3		0
Q98PL5	Q98PL5	109	clustalo-3	-	478	4.0e-10	44.4	0.7	1	1	5.3e-13	4.4e-10	44.2774353027344	0.67	37	111	14	91	6	108	0.83	Thioredoxin		0
P68570	P68570	137	clustalo-3	-	478	5.4e-10	44.0	0.3	1	1	6.9e-13	5.8e-10	43.8994674682617	0.32	25	128	33	133	2	136	0.81	Disulfide bond formation protein A		0
P68569	P68569	137	clustalo-3	-	478	5.4e-10	44.0	0.3	1	1	6.9e-13	5.8e-10	43.8994674682617	0.32	25	128	33	133	2	136	0.81	SPbeta prophage-derived disulfide bond formation protein A		0
P81110	P81110	44	clustalo-3	-	478	6.9e-10	43.6	0.1	1	1	8.3e-13	6.9e-10	43.6377029418945	0.14	24	62	2	41	1	44	0.93	Thioredoxin (Fragment)		0
A5UDI9	A5UDI9	579	clustalo-3	-	478	8.5e-10	43.3	0.1	1	1	1.5e-12	1.2e-09	42.8296012878418	0.05	25	128	468	577	440	579	0.83	Thiol:disulfide interchange protein DsbD		0
Q2QP53	Q2QP53	300	clustalo-3	-	478	9.8e-10	43.1	0.1	1	1	1.5e-12	1.2e-09	42.7957382202148	0.06	27	124	66	158	38	170	0.77	5'-adenylylsulfate reductase-like 6		0
Q84M47	Q84M47	301	clustalo-3	-	478	1.1e-09	43.0	0.0	1	1	1.8e-12	1.5e-09	42.5389747619629	0.00	43	130	82	163	58	172	0.93	5'-adenylylsulfate reductase-like 5		0
Q4QM23	Q4QM23	579	clustalo-3	-	478	1.1e-09	43.0	0.0	1	1	1.9e-12	1.6e-09	42.421875	0.02	26	128	469	577	451	579	0.83	Thiol:disulfide interchange protein DsbD		0
Q7Y0F2	Q7Y0F2	581	clustalo-3	-	478	1.1e-09	42.9	0.4	1	2	3.1e-06	0.0026	21.9548187255859	0.02	22	79	25	82	7	94	0.76	Probable nucleoredoxin 1-2		0
Q7Y0F2	Q7Y0F2	581	clustalo-3	-	478	1.1e-09	42.9	0.4	2	2	0.0002	0.17	15.9908256530762	0.04	39	70	367	398	363	420	0.81	Probable nucleoredoxin 1-2		0
Q58E26	Q58E26	287	clustalo-3	-	478	1.3e-09	42.8	0.0	1	1	2.1e-12	1.7e-09	42.3114891052246	0.02	26	111	141	232	116	240	0.79	Thioredoxin-related transmembrane protein 2		0
Q9SGS4	Q9SGS4	302	clustalo-3	-	478	1.4e-09	42.6	0.5	1	1	9.4e-09	7.8e-06	30.2735042572021	0.00	50	124	219	291	217	297	0.85	Thioredoxin-like protein CDSP32, chloroplastic		0
Q5DJV7	Q5DJV7	264	clustalo-3	-	478	3.1e-09	41.5	0.0	1	1	5.4e-12	4.5e-09	40.956111907959	0.00	34	147	81	190	43	223	0.80	5'-adenylylsulfate reductase-like 4		0
A3N207	A3N207	583	clustalo-3	-	478	4.2e-09	41.0	0.0	1	1	7.4e-12	6.2e-09	40.5039901733398	0.02	33	128	481	582	461	583	0.85	Thiol:disulfide interchange protein DsbD		0
Q7JW12	Q7JW12	271	clustalo-3	-	478	4.4e-09	41.0	0.0	1	1	6.8e-12	5.7e-09	40.6277465820312	0.02	15	111	122	224	105	236	0.78	Thioredoxin-related transmembrane protein 2 homolog		0
Q8CXF3	Q8CXF3	192	clustalo-3	-	478	9.6e-09	39.9	0.3	1	1	2.2e-10	1.9e-07	35.6297721862793	0.26	25	128	64	186	35	191	0.91	Thiol-disulfide oxidoreductase ResA		0
P44919	P44919	579	clustalo-3	-	478	9.6e-09	39.9	0.0	1	1	1.7e-11	1.4e-08	39.2951393127441	0.02	26	129	469	578	451	579	0.83	Thiol:disulfide interchange protein DsbD		0
Q93YX4	Q93YX4	300	clustalo-3	-	478	1.1e-08	39.6	0.0	1	1	1.8e-11	1.5e-08	39.203067779541	0.00	36	131	72	161	49	170	0.85	5'-adenylylsulfate reductase-like 5		0
O80763	O80763	578	clustalo-3	-	478	1.2e-08	39.6	6.3	1	2	4.5e-05	0.037	18.1417064666748	0.01	45	74	50	76	46	89	0.87	Probable nucleoredoxin 1		0
O80763	O80763	578	clustalo-3	-	478	1.2e-08	39.6	6.3	2	2	9.3e-06	0.0077	20.3920879364014	0.07	39	71	364	396	359	404	0.90	Probable nucleoredoxin 1		0
Q57755	Q57755	85	clustalo-3	-	478	1.3e-08	39.5	0.0	1	1	1.8e-11	1.5e-08	39.2489013671875	0.05	45	129	9	84	8	85	0.92	Thioredoxin		0
Q5QVU3	Q5QVU3	568	clustalo-3	-	478	1.4e-08	39.3	0.1	1	1	2.6e-11	2.1e-08	38.7188568115234	0.13	15	129	446	565	421	568	0.77	Thiol:disulfide interchange protein DsbD		0
Q6D9J6	Q6D9J6	577	clustalo-3	-	478	1.4e-08	39.3	0.0	1	1	2.2e-11	1.8e-08	38.9561195373535	0.01	27	129	468	575	432	577	0.84	Thiol:disulfide interchange protein DsbD		0
P34542	P34542	646	clustalo-3	-	478	1.9e-08	38.9	0.6	1	1	4.1e-11	3.4e-08	38.0577201843262	0.24	60	291	291	521	288	577	0.78	Uncharacterized protein R05D3.9		0
Q7XSQ7	Q7XSQ7	129	clustalo-3	-	478	2.1e-08	38.8	0.0	1	1	2.9e-11	2.4e-08	38.5687141418457	0.00	28	110	36	112	17	121	0.86	Thioredoxin-like 3-3		0
Q9SA00	Q9SA00	310	clustalo-3	-	478	2.1e-08	38.8	0.0	1	1	3.8e-11	3.1e-08	38.1782379150391	0.00	36	131	79	168	63	186	0.87	5'-adenylylsulfate reductase-like 4		0
Q73B22	Q73B22	173	clustalo-3	-	478	2.2e-08	38.7	0.6	1	2	4.1e-07	0.00034	24.8820648193359	0.03	16	94	39	114	11	116	0.80	Thiol-disulfide oxidoreductase ResA		0
Q73B22	Q73B22	173	clustalo-3	-	478	2.2e-08	38.7	0.6	2	2	0.0023	1.9	12.5298166275024	0.12	82	128	125	170	121	173	0.83	Thiol-disulfide oxidoreductase ResA		0
Q6HL81	Q6HL81	173	clustalo-3	-	478	3.1e-08	38.2	1.0	1	2	4.2e-07	0.00035	24.8164768218994	0.06	16	94	39	114	11	116	0.80	Thiol-disulfide oxidoreductase ResA		0
Q6HL81	Q6HL81	173	clustalo-3	-	478	3.1e-08	38.2	1.0	2	2	0.0023	1.9	12.5298166275024	0.12	82	128	125	170	121	173	0.83	Thiol-disulfide oxidoreductase ResA		0
Q8N427	Q8N427	588	clustalo-3	-	478	3.2e-08	38.2	1.5	1	1	1.0e-09	8.5e-07	33.4481010437012	0.04	23	74	12	62	3	108	0.80	Thioredoxin domain-containing protein 3		0
Q5ZKZ4	Q5ZKZ4	777	clustalo-3	-	478	3.4e-08	38.1	0.0	1	2	2.3e-07	0.00019	25.6914844512939	0.00	38	142	155	254	142	296	0.83	DnaJ homolog subfamily C member 16		0
Q5ZKZ4	Q5ZKZ4	777	clustalo-3	-	478	3.4e-08	38.1	0.0	2	2	0.018	15	9.55218601226807	0.09	85	174	307	402	279	468	0.65	DnaJ homolog subfamily C member 16		0
Q7MZX2	Q7MZX2	575	clustalo-3	-	478	3.4e-08	38.0	0.0	1	1	7.0e-11	5.8e-08	37.2932281494141	0.00	34	120	474	564	452	573	0.81	Thiol:disulfide interchange protein DsbD		0
Q67VZ8	Q67VZ8	282	clustalo-3	-	478	3.4e-08	38.0	0.0	1	1	5.9e-11	4.9e-08	37.5344696044922	0.00	34	131	68	159	37	186	0.82	5'-adenylylsulfate reductase-like 2		0
A6QLU8	A6QLU8	435	clustalo-3	-	478	4.1e-08	37.8	0.0	1	2	0.0021	1.7	12.6481323242188	0.00	37	89	192	244	170	247	0.76	Nucleoredoxin		0
A6QLU8	A6QLU8	435	clustalo-3	-	478	4.1e-08	37.8	0.0	2	2	7.8e-05	0.065	17.3519287109375	0.01	242	339	322	433	304	435	0.75	Nucleoredoxin		0
Q7XPE8	Q7XPE8	471	clustalo-3	-	478	4.4e-08	37.7	0.3	1	3	0.0039	3.3	11.7383413314819	0.04	45	68	48	75	41	91	0.66	Probable nucleoredoxin 3		0
Q7XPE8	Q7XPE8	471	clustalo-3	-	478	4.4e-08	37.7	0.3	2	3	0.0077	6.4	10.7679967880249	0.01	45	72	211	238	203	260	0.80	Probable nucleoredoxin 3		0
Q7XPE8	Q7XPE8	471	clustalo-3	-	478	4.4e-08	37.7	0.3	3	3	0.0072	6	10.8628425598145	0.03	84	265	274	446	271	463	0.62	Probable nucleoredoxin 3		0
Q6IQC7	Q6IQC7	307	clustalo-3	-	478	5.5e-08	37.4	0.1	1	1	1.1e-10	8.7e-08	36.7108039855957	0.05	27	108	142	229	117	244	0.80	Thioredoxin-related transmembrane protein 2-B		0
A8WG88	A8WG88	301	clustalo-3	-	478	6.8e-08	37.1	0.0	1	1	1.2e-10	1.0e-07	36.501106262207	0.03	26	94	141	209	114	227	0.80	Thioredoxin-related transmembrane protein 2-A		0
P97346	P97346	435	clustalo-3	-	478	7.4e-08	37.0	0.0	1	2	0.0047	3.9	11.4678268432617	0.00	38	73	193	228	171	247	0.72	Nucleoredoxin		0
P97346	P97346	435	clustalo-3	-	478	7.4e-08	37.0	0.0	2	2	6.8e-05	0.056	17.5554275512695	0.01	241	339	321	433	295	435	0.75	Nucleoredoxin		0
Q71A37	Q71A37	184	clustalo-3	-	478	7.7e-08	36.9	0.3	1	2	0.00048	0.4	14.7550849914551	0.07	333	397	34	91	7	94	0.84	Phosducin-like protein 3		0
Q71A37	Q71A37	184	clustalo-3	-	478	7.7e-08	36.9	0.3	2	2	8.8e-06	0.0073	20.4746494293213	0.03	75	110	96	131	92	156	0.85	Phosducin-like protein 3		0
Q9PHR3	Q9PHR3	567	clustalo-3	-	478	7.9e-08	36.9	0.1	1	1	1.4e-10	1.2e-07	36.2606086730957	0.05	29	127	466	566	449	567	0.82	Thiol:disulfide interchange protein DsbD		2
Q6DKJ4	Q6DKJ4	435	clustalo-3	-	478	8.8e-08	36.7	0.0	1	2	0.0038	3.2	11.7727584838867	0.00	38	79	193	234	171	247	0.72	Nucleoredoxin		0
Q6DKJ4	Q6DKJ4	435	clustalo-3	-	478	8.8e-08	36.7	0.0	2	2	6.0e-05	0.05	17.7190074920654	0.01	241	339	321	433	295	435	0.75	Nucleoredoxin		0
Q4VWQ3	Q4VWQ3	180	clustalo-3	-	478	1.0e-07	36.5	1.0	1	1	1.3e-10	1.0e-07	36.4594497680664	0.98	36	128	85	173	69	180	0.83	Thioredoxin 3		0
Q9ZPE9	Q9ZPE9	295	clustalo-3	-	478	1.1e-07	36.4	0.0	1	1	1.7e-10	1.4e-07	35.9910774230957	0.00	34	129	70	159	40	167	0.83	5'-adenylylsulfate reductase-like 6		0
Q81SZ9	Q81SZ9	173	clustalo-3	-	478	1.3e-07	36.2	0.2	1	1	1.7e-07	0.00014	26.1619739532471	0.02	15	92	38	112	10	117	0.82	Thiol-disulfide oxidoreductase ResA		0
A0RBT0	A0RBT0	173	clustalo-3	-	478	1.3e-07	36.2	0.2	1	1	1.7e-07	0.00014	26.1619739532471	0.02	15	92	38	112	10	117	0.82	Thiol-disulfide oxidoreductase ResA		0
Q54NX2	Q54NX2	126	clustalo-3	-	478	1.4e-07	36.0	0.1	1	1	5.1e-10	4.3e-07	34.4355087280273	0.11	25	127	17	116	11	122	0.88	Thioredoxin domain-containing protein, mitochondrial		0
Q6GM16	Q6GM16	414	clustalo-3	-	478	1.8e-07	35.7	0.0	1	2	0.0048	4	11.4562005996704	0.00	38	90	172	224	156	226	0.80	Nucleoredoxin		0
Q6GM16	Q6GM16	414	clustalo-3	-	478	1.8e-07	35.7	0.0	2	2	1.6e-05	0.014	19.5920181274414	0.01	242	339	301	412	276	414	0.76	Nucleoredoxin		0
Q18484	Q18484	265	clustalo-3	-	478	1.9e-07	35.6	0.0	1	1	3.3e-10	2.8e-07	35.0562019348145	0.03	14	109	118	219	105	225	0.83	Thioredoxin-related transmembrane protein 2 homolog		0
Q9MAH1	Q9MAH1	699	clustalo-3	-	478	2.1e-07	35.5	0.0	1	1	4.0e-10	3.3e-07	34.810302734375	0.04	52	110	627	681	578	692	0.87	TPR repeat-containing thioredoxin TTL1		0
O31687	O31687	165	clustalo-3	-	478	2.7e-07	35.1	0.1	1	2	1.9e-06	0.0015	22.7037220001221	0.05	40	91	55	107	22	108	0.89	Sporulation thiol-disulfide oxidoreductase A		0
O31687	O31687	165	clustalo-3	-	478	2.7e-07	35.1	0.1	2	2	0.0074	6.1	10.8390350341797	0.02	82	127	120	164	117	165	0.86	Sporulation thiol-disulfide oxidoreductase A		0
Q3YUK4	Q3YUK4	565	clustalo-3	-	478	3.0e-07	34.9	0.0	1	1	4.9e-10	4.1e-07	34.4952163696289	0.02	24	128	452	562	420	565	0.78	Thiol:disulfide interchange protein DsbD		0
Q8CVH5	Q8CVH5	565	clustalo-3	-	478	3.5e-07	34.7	0.0	1	1	5.8e-10	4.8e-07	34.2734527587891	0.01	24	128	452	562	420	565	0.80	Thiol:disulfide interchange protein DsbD		0
P43787	P43787	167	clustalo-3	-	478	4.1e-07	34.5	0.0	1	1	1.7e-07	0.00014	26.1112480163574	0.00	26	70	44	86	11	94	0.82	Thioredoxin-like protein HI_1115		0
Q8ZKC3	Q8ZKC3	567	clustalo-3	-	478	4.4e-07	34.4	0.0	1	1	7.5e-10	6.2e-07	33.8996696472168	0.01	23	127	453	563	422	567	0.73	Thiol:disulfide interchange protein DsbD		0
Q5PIQ0	Q5PIQ0	567	clustalo-3	-	478	4.9e-07	34.2	0.0	1	1	8.3e-10	6.9e-07	33.7481880187988	0.01	23	127	453	563	422	567	0.73	Thiol:disulfide interchange protein DsbD		0
Q81FU5	Q81FU5	173	clustalo-3	-	478	5.0e-07	34.2	0.5	1	1	5.5e-07	0.00045	24.4513931274414	0.04	19	92	42	112	13	117	0.80	Thiol-disulfide oxidoreductase ResA		0
O74481	O74481	561	clustalo-3	-	478	5.6e-07	34.0	0.0	1	1	6.2e-09	5.2e-06	30.8650035858154	0.04	63	257	146	351	141	364	0.75	Uncharacterized protein C1840.08c		0
P36655	P36655	565	clustalo-3	-	478	6.2e-07	33.9	0.0	1	1	1.0e-09	8.4e-07	33.4668655395508	0.02	24	128	452	562	420	565	0.78	Thiol:disulfide interchange protein DsbD		0
Q328D2	Q328D2	565	clustalo-3	-	478	6.2e-07	33.9	0.0	1	1	1.0e-09	8.4e-07	33.4668655395508	0.02	24	128	452	562	420	565	0.78	Thiol:disulfide interchange protein DsbD		0
P58162	P58162	565	clustalo-3	-	478	6.2e-07	33.9	0.0	1	1	1.0e-09	8.4e-07	33.4668655395508	0.02	24	128	452	562	420	565	0.78	Thiol:disulfide interchange protein DsbD		0
Q0SXE3	Q0SXE3	565	clustalo-3	-	478	6.2e-07	33.9	0.0	1	1	1.0e-09	8.4e-07	33.4668655395508	0.02	24	128	452	562	420	565	0.78	Thiol:disulfide interchange protein DsbD		0
Q0T9Q5	Q0T9Q5	565	clustalo-3	-	478	6.3e-07	33.9	0.0	1	1	1.0e-09	8.6e-07	33.4253921508789	0.02	24	128	452	562	420	565	0.78	Thiol:disulfide interchange protein DsbD		2
Q7VMZ4	Q7VMZ4	573	clustalo-3	-	478	6.3e-07	33.9	0.0	1	1	1.2e-09	1.0e-06	33.2102394104004	0.03	23	128	463	572	439	573	0.84	Thiol:disulfide interchange protein DsbD		0
A6TH46	A6TH46	598	clustalo-3	-	478	7.7e-07	33.6	0.0	1	1	1.3e-09	1.1e-06	33.0908164978027	0.01	31	125	492	592	452	596	0.75	Thiol:disulfide interchange protein DsbD		0
A0A1L1SUL6	A0A1L1SUL6	329	clustalo-3	-	478	8.5e-07	33.4	0.0	1	1	1.8e-09	1.5e-06	32.6365165710449	0.01	22	133	11	116	5	125	0.90	Thioredoxin domain-containing protein 6		0
Q39592	Q39592	156	clustalo-3	-	478	9.1e-07	33.4	0.0	1	1	1.3e-09	1.1e-06	33.1298942565918	0.01	25	132	12	117	6	140	0.81	Dynein 16 kDa light chain, flagellar outer arm		0
Q8Z1A8	Q8Z1A8	567	clustalo-3	-	478	1.0e-06	33.2	0.0	1	1	1.8e-09	1.5e-06	32.6101570129395	0.01	23	127	453	563	422	567	0.73	Thiol:disulfide interchange protein DsbD		0
O32171	O32171	106	clustalo-3	-	478	1.0e-06	33.2	0.0	1	1	1.3e-09	1.1e-06	33.0689277648926	0.01	37	134	13	104	1	106	0.86	Thioredoxin-like protein YusE		0
P35160	P35160	179	clustalo-3	-	478	1.1e-06	33.0	0.1	1	2	4.7e-06	0.0039	21.3635120391846	0.05	15	82	38	108	12	121	0.74	Thiol-disulfide oxidoreductase ResA		0
P35160	P35160	179	clustalo-3	-	478	1.1e-06	33.0	0.1	2	2	0.01	8.4	10.385838508606	0.02	78	127	124	170	111	174	0.87	Thiol-disulfide oxidoreductase ResA		0
A7MMC7	A7MMC7	574	clustalo-3	-	478	1.2e-06	32.9	0.0	1	1	2.2e-09	1.8e-06	32.3495597839355	0.01	22	127	459	570	432	574	0.75	Thiol:disulfide interchange protein DsbD		0
Q39591	Q39591	129	clustalo-3	-	478	1.3e-06	32.8	0.3	1	1	2.0e-09	1.6e-06	32.5125198364258	0.28	25	139	7	117	4	125	0.80	Dynein 14 kDa light chain, flagellar outer arm		0
Q63DQ8	Q63DQ8	173	clustalo-3	-	478	1.5e-06	32.7	0.6	1	1	2.2e-07	0.00018	25.7910747528076	0.06	15	91	38	111	10	117	0.81	Thiol-disulfide oxidoreductase ResA		0
O55772	O55772	174	clustalo-3	-	478	1.5e-06	32.6	0.0	1	1	2.1e-09	1.7e-06	32.4413719177246	0.01	37	151	34	147	16	167	0.84	Uncharacterized protein 196R		0
Q57GQ5	Q57GQ5	567	clustalo-3	-	478	1.5e-06	32.6	0.0	1	1	2.6e-09	2.2e-06	32.1130905151367	0.01	23	127	453	563	422	567	0.73	Thiol:disulfide interchange protein DsbD		0
Q31T72	Q31T72	565	clustalo-3	-	478	1.8e-06	32.4	0.0	1	1	3.0e-09	2.5e-06	31.8982887268066	0.01	27	128	455	562	421	565	0.79	Thiol:disulfide interchange protein DsbD		0
Q5FVM7	Q5FVM7	771	clustalo-3	-	478	2.3e-06	32.0	0.0	1	1	6.2e-06	0.0052	20.9675521850586	0.00	25	133	149	246	139	270	0.80	DnaJ homolog subfamily C member 16		0
Q9CQ79	Q9CQ79	226	clustalo-3	-	478	3.1e-06	31.6	0.2	1	1	1.0e-08	8.6e-06	30.1327037811279	0.11	26	114	77	159	45	164	0.83	Thioredoxin domain-containing protein 9		0
Q5RCM7	Q5RCM7	782	clustalo-3	-	478	3.7e-06	31.4	0.1	1	1	2.6e-06	0.0022	22.1992225646973	0.00	25	129	152	245	143	267	0.80	DnaJ homolog subfamily C member 16		0
Q5KXL9	Q5KXL9	174	clustalo-3	-	478	4.0e-06	31.2	0.0	1	2	7.1e-06	0.0059	20.776985168457	0.01	21	82	44	105	9	120	0.78	Thiol-disulfide oxidoreductase ResA		0
Q5KXL9	Q5KXL9	174	clustalo-3	-	478	4.0e-06	31.2	0.0	2	2	0.03	25	8.83475399017334	0.03	82	127	126	170	123	173	0.88	Thiol-disulfide oxidoreductase ResA		0
Q8TFH3	Q8TFH3	309	clustalo-3	-	478	5.8e-06	30.7	0.0	1	1	9.5e-09	7.9e-06	30.2590999603271	0.01	50	146	65	165	4	178	0.79	Dolichyl-diphosphooligosaccharide--protein glycosyltransferase subunit 3		0
P52236	P52236	179	clustalo-3	-	478	6.3e-06	30.6	0.0	1	1	9.3e-09	7.7e-06	30.29541015625	0.01	31	77	58	97	21	107	0.79	Thiol:disulfide interchange protein DsbE homolog		0
P81108	P81108	40	clustalo-3	-	478	8.1e-06	30.2	0.0	1	1	1.0e-08	8.3e-06	30.1831150054932	0.02	24	61	2	40	1	40	0.96	Thioredoxin (Fragment)		0
Q9JYM0	Q9JYM0	601	clustalo-3	-	478	1.1e-05	29.8	0.1	1	1	1.7e-08	1.4e-05	29.4163932800293	0.05	38	128	507	599	491	601	0.89	Thiol:disulfide interchange protein DsbD		0
O14530	O14530	226	clustalo-3	-	478	1.1e-05	29.8	0.5	1	1	5.5e-08	4.6e-05	27.732458114624	0.12	52	114	103	159	75	164	0.82	Thioredoxin domain-containing protein 9		0
Q9JTL9	Q9JTL9	601	clustalo-3	-	478	1.1e-05	29.8	0.1	1	1	1.7e-08	1.4e-05	29.4163932800293	0.05	38	128	507	599	491	601	0.89	Thiol:disulfide interchange protein DsbD		0
Q65HX8	Q65HX8	177	clustalo-3	-	478	1.2e-05	29.7	0.4	1	2	3.7e-05	0.031	18.4089870452881	0.19	39	88	62	108	54	120	0.86	Thiol-disulfide oxidoreductase ResA		0
Q65HX8	Q65HX8	177	clustalo-3	-	478	1.2e-05	29.7	0.4	2	2	0.017	14	9.66080379486084	0.01	82	127	125	169	113	174	0.86	Thiol-disulfide oxidoreductase ResA		0
Q487R3	Q487R3	608	clustalo-3	-	478	1.2e-05	29.7	0.1	1	1	1.4e-08	1.2e-05	29.6885757446289	0.09	29	115	501	592	476	606	0.62	Thiol:disulfide interchange protein DsbD		0
A4IQF5	A4IQF5	174	clustalo-3	-	478	1.4e-05	29.5	0.1	1	2	4.7e-05	0.039	18.0895442962646	0.01	36	82	60	105	11	120	0.80	Thiol-disulfide oxidoreductase ResA		0
A4IQF5	A4IQF5	174	clustalo-3	-	478	1.4e-05	29.5	0.1	2	2	0.016	13	9.73425197601318	0.05	82	127	126	170	123	173	0.88	Thiol-disulfide oxidoreductase ResA		0
Q9KCJ4	Q9KCJ4	176	clustalo-3	-	478	1.8e-05	29.1	0.0	1	1	2.0e-06	0.0016	22.6075973510742	0.00	18	83	42	105	10	114	0.75	Thiol-disulfide oxidoreductase ResA		0
Q9Y2G8	Q9Y2G8	782	clustalo-3	-	478	1.9e-05	29.0	0.2	1	1	5.1e-07	0.00042	24.5579662322998	0.01	25	285	152	425	142	437	0.63	DnaJ homolog subfamily C member 16		0
Q9KJZ3	Q9KJZ3	578	clustalo-3	-	478	2.1e-05	28.8	0.0	1	1	3.5e-08	2.9e-05	28.3817710876465	0.00	31	118	472	563	451	570	0.83	Thiol:disulfide interchange protein DsbD		0
Q9XDB2	Q9XDB2	578	clustalo-3	-	478	2.4e-05	28.7	0.0	1	1	4.5e-08	3.7e-05	28.0378398895264	0.00	36	129	478	575	465	578	0.85	Thiol:disulfide interchange protein DsbD		0
P45409	P45409	186	clustalo-3	-	478	2.6e-05	28.5	0.0	1	1	8.4e-08	7.0e-05	27.1363086700439	0.02	34	87	64	112	35	116	0.85	Thiol:disulfide interchange protein CycY		0
Q1C0X4	Q1C0X4	595	clustalo-3	-	478	2.9e-05	28.4	0.0	1	1	5.7e-08	4.7e-05	27.6872806549072	0.02	36	124	493	585	479	594	0.65	Thiol:disulfide interchange protein DsbD		4
Q66FE1	Q66FE1	595	clustalo-3	-	478	3.4e-05	28.2	0.0	1	1	6.6e-08	5.5e-05	27.4892635345459	0.01	36	122	493	583	479	594	0.61	Thiol:disulfide interchange protein DsbD		0
Q5WGY8	Q5WGY8	177	clustalo-3	-	478	3.5e-05	28.1	0.0	1	1	1.4e-07	0.00012	26.3610992431641	0.04	19	86	45	109	16	115	0.84	Probable thiol-disulfide oxidoreductase ResA		0
Q44856	Q44856	118	clustalo-3	-	478	4.1e-05	27.9	0.0	1	1	5.3e-08	4.4e-05	27.8079471588135	0.00	26	129	19	117	7	118	0.83	Disulfide bond formation protein		0
Q80TN4	Q80TN4	772	clustalo-3	-	478	5.6e-05	27.5	0.1	1	1	4.7e-05	0.039	18.0830020904541	0.00	23	130	148	244	138	270	0.78	DnaJ homolog subfamily C member 16		0
A1JIN7	A1JIN7	578	clustalo-3	-	478	6.1e-05	27.3	0.0	1	1	1.1e-07	9.4e-05	26.7100639343262	0.01	36	108	479	554	464	576	0.74	Thiol:disulfide interchange protein DsbD		0
Q86XW9	Q86XW9	330	clustalo-3	-	478	8.9e-05	26.8	0.0	1	1	1.5e-07	0.00012	26.3269443511963	0.02	22	142	11	125	5	245	0.79	Thioredoxin domain-containing protein 6		0
Q9KNN1	Q9KNN1	600	clustalo-3	-	478	9.6e-05	26.7	0.0	1	1	1.8e-07	0.00015	26.0471515655518	0.05	366	437	500	575	489	597	0.67	Thiol:disulfide interchange protein DsbD		0
Q8XV41	Q8XV41	608	clustalo-3	-	478	9.8e-05	26.6	0.0	1	1	1.5e-07	0.00013	26.2803688049316	0.00	34	133	500	602	479	608	0.84	Thiol:disulfide interchange protein DsbD		0
Q7MGV6	Q7MGV6	598	clustalo-3	-	478	0.00012	26.4	0.1	1	1	2.1e-07	0.00017	25.8260097503662	0.06	34	435	497	571	454	595	0.57	Thiol:disulfide interchange protein DsbD		0
Q8DCZ0	Q8DCZ0	593	clustalo-3	-	478	0.00014	26.2	0.1	1	1	2.4e-07	0.0002	25.6603088378906	0.07	34	436	492	567	451	590	0.57	Thiol:disulfide interchange protein DsbD		0
P52237	P52237	178	clustalo-3	-	478	0.00015	26.0	0.2	1	1	9.3e-07	0.00077	23.6893882751465	0.09	25	84	48	102	30	110	0.85	Thiol:disulfide interchange protein DsbE		0
P0A619	P0A619	173	clustalo-3	-	478	0.00018	25.8	0.2	1	1	3.1e-07	0.00026	25.2565250396729	0.12	15	79	38	98	16	119	0.79	Soluble secreted antigen MPT53		3
P30960	P30960	194	clustalo-3	-	478	0.00019	25.7	0.1	1	1	5.5e-05	0.046	17.8539543151855	0.15	29	89	76	126	54	132	0.79	Thiol:disulfide interchange protein CycY		0
Q4K909	Q4K909	583	clustalo-3	-	478	0.0002	25.7	0.0	1	1	3.3e-07	0.00027	25.1847076416016	0.00	36	122	482	572	458	581	0.84	Thiol:disulfide interchange protein DsbD		0
Q8K581	Q8K581	226	clustalo-3	-	478	0.00022	25.5	0.2	1	1	7.6e-07	0.00063	23.9874019622803	0.11	26	111	77	158	45	164	0.84	Thioredoxin domain-containing protein 9		0
Q15ZS2	Q15ZS2	592	clustalo-3	-	478	0.00023	25.4	0.0	1	1	4.8e-07	0.0004	24.6293239593506	0.04	366	443	493	571	457	590	0.54	Thiol:disulfide interchange protein DsbD		0
Q87KW0	Q87KW0	613	clustalo-3	-	478	0.00024	25.4	0.1	1	1	4.2e-07	0.00035	24.8442497253418	0.10	34	127	514	611	479	613	0.73	Thiol:disulfide interchange protein DsbD		0
Q715T0	Q715T0	586	clustalo-3	-	478	0.00033	24.9	1.9	1	1	7.2e-07	0.00059	24.067253112793	0.05	25	70	13	59	4	70	0.87	Thioredoxin domain-containing protein 3		0
Q84JN1	Q84JN1	289	clustalo-3	-	478	0.00035	24.8	0.0	1	1	5.2e-07	0.00043	24.5229644775391	0.00	33	133	65	159	35	180	0.87	5'-adenylylsulfate reductase-like 7		0
Q9SIN1	Q9SIN1	691	clustalo-3	-	478	0.00047	24.4	0.1	1	1	9.9e-07	0.00082	23.5981769561768	0.06	53	110	620	673	618	687	0.87	Inactive TPR repeat-containing thioredoxin TTL3		0
Q84JR9	Q84JR9	682	clustalo-3	-	478	0.0005	24.3	0.2	1	1	1.1e-06	0.00087	23.5187244415283	0.14	72	110	626	664	610	671	0.87	TPR repeat-containing thioredoxin TTL4		0
Q9I104	Q9I104	587	clustalo-3	-	478	0.00053	24.2	0.0	1	1	8.5e-07	0.0007	23.8245277404785	0.00	35	116	485	570	448	580	0.81	Thiol:disulfide interchange protein DsbD 2		0
Q6IRC5	Q6IRC5	625	clustalo-3	-	478	0.00055	24.2	0.2	1	1	2.1e-06	0.0017	22.5552463531494	0.09	20	147	9	129	4	261	0.69	Thioredoxin domain-containing protein 6		0
P43221	P43221	221	clustalo-3	-	478	0.00056	24.2	0.1	1	1	1.4e-06	0.0011	23.1518974304199	0.05	38	82	95	137	86	146	0.87	Thiol:disulfide interchange protein TlpA		0
O95881	O95881	172	clustalo-3	-	478	0.00059	24.1	0.0	1	1	9.6e-07	0.00079	23.6551952362061	0.02	23	84	38	97	9	105	0.76	Thioredoxin domain-containing protein 12		0
Q498E0	Q498E0	170	clustalo-3	-	478	0.00059	24.1	0.0	1	1	9.6e-07	0.00079	23.6536636352539	0.01	21	84	34	95	7	102	0.76	Thioredoxin domain-containing protein 12		0
Q9CQU0	Q9CQU0	170	clustalo-3	-	478	0.00059	24.1	0.0	1	1	9.6e-07	0.00079	23.6536636352539	0.01	21	84	34	95	7	102	0.76	Thioredoxin domain-containing protein 12		0
Q5E936	Q5E936	172	clustalo-3	-	478	0.0006	24.1	0.0	1	1	9.4e-07	0.00078	23.678430557251	0.01	22	84	37	97	9	104	0.76	Thioredoxin domain-containing protein 12		0
A8AMR4	A8AMR4	569	clustalo-3	-	478	0.00067	23.9	0.0	1	1	1.2e-06	0.00098	23.3444519042969	0.01	34	127	468	565	428	569	0.75	Thiol:disulfide interchange protein DsbD		0
Q2NW99	Q2NW99	590	clustalo-3	-	478	0.00074	23.8	0.0	1	1	1.2e-06	0.00098	23.3462295532227	0.00	38	128	493	587	475	590	0.79	Thiol:disulfide interchange protein DsbD		0
O77404	O77404	144	clustalo-3	-	478	0.00084	23.6	1.4	1	1	3.6e-05	0.03	18.4524803161621	1.01	39	70	29	57	26	80	0.87	Tryparedoxin		0
Q8ZD52	Q8ZD52	188	clustalo-3	-	478	0.00092	23.4	0.0	1	1	1.3e-06	0.0011	23.2053909301758	0.01	25	83	59	113	39	136	0.82	Thiol:disulfide interchange protein DsbE		0
Q715S9	Q715S9	587	clustalo-3	-	478	0.0011	23.3	2.2	1	1	1.4e-06	0.0012	23.1013088226318	0.08	25	70	13	59	4	69	0.87	Thioredoxin domain-containing protein 3		0
O34342	O34342	80	clustalo-3	-	478	0.0011	23.2	0.0	1	1	1.3e-06	0.0011	23.2050361633301	0.01	50	122	11	72	9	80	0.78	SPbeta prophage-derived thioredoxin-like protein YosR		0
O18883	O18883	226	clustalo-3	-	478	0.0011	23.1	2.1	1	1	2.4e-06	0.002	22.3427886962891	0.03	53	109	104	156	103	163	0.80	Thioredoxin domain-containing protein 9		0
Q7ZV50	Q7ZV50	328	clustalo-3	-	478	0.0012	23.1	0.0	1	1	2.0e-06	0.0016	22.6131763458252	0.01	19	138	42	175	20	186	0.76	Magnesium transporter protein 1		0
P96695	P96695	112	clustalo-3	-	478	0.0014	22.9	0.0	1	1	1.9e-06	0.0016	22.6890811920166	0.00	32	108	14	86	4	105	0.88	Thioredoxin-like protein YdfQ		0
P36893	P36893	176	clustalo-3	-	478	0.0014	22.8	0.0	1	1	5.2e-06	0.0043	21.2172222137451	0.03	31	60	55	85	35	110	0.82	Thiol:disulfide interchange protein HelX		0
Q197B9	Q197B9	129	clustalo-3	-	478	0.0023	22.1	0.2	1	1	1.4e-05	0.012	19.7612819671631	0.18	38	126	36	128	19	129	0.56	Putative thioredoxin-like protein 041R		0
P30343	P30343	189	clustalo-3	-	478	0.0025	22.0	0.1	1	1	0.00011	0.093	16.8329925537109	0.08	14	85	47	120	18	128	0.81	Mercury resistance operon ORF3		0
P90666	P90666	837	clustalo-3	-	478	0.0032	21.7	0.0	1	1	1.1e-05	0.0089	20.1995162963867	0.03	24	176	13	153	5	267	0.78	Thioredoxin domain-containing protein 3 homolog		0
Q8VZQ0	Q8VZQ0	392	clustalo-3	-	478	0.0033	21.6	0.0	1	1	0.00036	0.3	15.1741256713867	0.02	45	72	50	77	42	91	0.84	Probable nucleoredoxin 3		0
Q95YJ5	Q95YJ5	653	clustalo-3	-	478	0.0097	20.1	0.3	1	1	3.0e-05	0.025	18.7325668334961	0.03	25	133	12	119	5	238	0.76	Thioredoxin domain-containing protein 3 homolog		0
